<wddxPacket version='1.0'><header/><data><recordset rowCount='10' fieldNames='CATEGORYID,SITEID,PARENTID,DATECREATED,LASTUPDATE,LASTUPDATEBY,NAME,NOTES,ISINTERESTGROUP,ISACTIVE,ISOPEN,SORTBY,SORTDIRECTION,RESTRICTGROUPS,PATH,REMOTEID,REMOTESOURCEURL,REMOTEPUBDATE,URLTITLE,FILENAME,ISFEATUREABLE' type='coldfusion.sql.QueryTable'><field name='categoryID'><string>0302EBB1-D889-41C4-A3103D0552B7C8FF</string><string>3ECC2E57-32B9-4D2B-B58EE236ED60C1C0</string><string>75F018EC-07BD-40E9-B6C2966ACA0CD3AC</string><string>91A8E977-A7B0-4A3A-B0597AA6643F4F2B</string><string>932706C3-7067-4D2F-84651CD05D246120</string><string>93F86661-1B54-406A-BF858635A13D6138</string><string>B24639B0-E5B6-4A6A-ABF2DCEB749A2967</string><string>D49F8EAC-1F14-45FD-A28C2DBBD3CC0121</string><string>F308E7D8-313F-4C29-A47CCBCFCBE0B674</string><string>FB5C68F5-F62C-43DA-83AF60F6A1F8F7F1</string></field><field name='siteID'><string>default</string><string>default</string><string>default</string><string>default</string><string>default</string><string>default</string><string>default</string><string>default</string><string>default</string><string>default</string></field><field name='parentID'><string></string><string>0302EBB1-D889-41C4-A3103D0552B7C8FF</string><string>0302EBB1-D889-41C4-A3103D0552B7C8FF</string><string>0302EBB1-D889-41C4-A3103D0552B7C8FF</string><string>0302EBB1-D889-41C4-A3103D0552B7C8FF</string><string>0302EBB1-D889-41C4-A3103D0552B7C8FF</string><string>0302EBB1-D889-41C4-A3103D0552B7C8FF</string><string>0302EBB1-D889-41C4-A3103D0552B7C8FF</string><string>0302EBB1-D889-41C4-A3103D0552B7C8FF</string><string>0302EBB1-D889-41C4-A3103D0552B7C8FF</string></field><field name='dateCreated'><dateTime>2012-11-27T16:9:32+0:0</dateTime><dateTime>2012-11-27T16:9:49+0:0</dateTime><dateTime>2012-11-27T16:10:10+0:0</dateTime><dateTime>2012-11-27T19:36:20+0:0</dateTime><dateTime>2012-11-27T16:12:39+0:0</dateTime><dateTime>2012-11-27T16:11:0+0:0</dateTime><dateTime>2013-9-21T0:39:24+0:0</dateTime><dateTime>2012-11-27T16:10:32+0:0</dateTime><dateTime>2012-11-27T16:13:3+0:0</dateTime><dateTime>2012-11-27T16:10:19+0:0</dateTime></field><field name='lastUpdate'><dateTime>2012-11-27T16:9:32+0:0</dateTime><dateTime>2012-11-27T16:9:49+0:0</dateTime><dateTime>2012-11-27T16:10:10+0:0</dateTime><dateTime>2012-11-27T19:36:20+0:0</dateTime><dateTime>2012-11-27T16:12:39+0:0</dateTime><dateTime>2012-11-27T16:11:0+0:0</dateTime><dateTime>2013-9-21T0:39:24+0:0</dateTime><dateTime>2012-11-27T16:10:32+0:0</dateTime><dateTime>2012-11-27T16:13:3+0:0</dateTime><dateTime>2012-11-27T16:10:19+0:0</dateTime></field><field name='lastUpdateBy'><string>Steve Withington</string><string>Steve Withington</string><string>Steve Withington</string><string>Steve Withington</string><string>Steve Withington</string><string>Steve Withington</string><string>Steve Withington</string><string>Steve Withington</string><string>Steve Withington</string><string>Steve Withington</string></field><field name='name'><string>News Categories</string><string>Business</string><string>Politics</string><string>Technology</string><string>Opinion</string><string>Arts &amp; Culture</string><string>Weather</string><string>World News</string><string>Health &amp; Science</string><string>Local News</string></field><field name='notes'><string></string><string></string><string></string><string></string><string></string><string></string><string></string><string></string><string></string><string></string></field><field name='isInterestGroup'><number>0.0</number><number>1.0</number><number>1.0</number><number>1.0</number><number>1.0</number><number>1.0</number><number>1.0</number><number>1.0</number><number>1.0</number><number>1.0</number></field><field name='isActive'><number>1.0</number><number>1.0</number><number>1.0</number><number>1.0</number><number>1.0</number><number>1.0</number><number>1.0</number><number>1.0</number><number>1.0</number><number>1.0</number></field><field name='isOpen'><number>0.0</number><number>1.0</number><number>1.0</number><number>1.0</number><number>1.0</number><number>1.0</number><number>1.0</number><number>1.0</number><number>1.0</number><number>1.0</number></field><field name='sortBy'><string>orderno</string><string>orderno</string><string>orderno</string><string>orderno</string><string>orderno</string><string>orderno</string><string>orderno</string><string>orderno</string><string>orderno</string><string>orderno</string></field><field name='sortDirection'><string>asc</string><string>asc</string><string>asc</string><string>asc</string><string>asc</string><string>asc</string><string>asc</string><string>asc</string><string>asc</string><string>asc</string></field><field name='restrictGroups'><string></string><string></string><string></string><string></string><string></string><string></string><string></string><string></string><string></string><string></string></field><field name='path'><string>0302EBB1-D889-41C4-A3103D0552B7C8FF</string><string>0302EBB1-D889-41C4-A3103D0552B7C8FF,3ECC2E57-32B9-4D2B-B58EE236ED60C1C0</string><string>0302EBB1-D889-41C4-A3103D0552B7C8FF,75F018EC-07BD-40E9-B6C2966ACA0CD3AC</string><string>0302EBB1-D889-41C4-A3103D0552B7C8FF,91A8E977-A7B0-4A3A-B0597AA6643F4F2B</string><string>0302EBB1-D889-41C4-A3103D0552B7C8FF,932706C3-7067-4D2F-84651CD05D246120</string><string>0302EBB1-D889-41C4-A3103D0552B7C8FF,93F86661-1B54-406A-BF858635A13D6138</string><string>0302EBB1-D889-41C4-A3103D0552B7C8FF,B24639B0-E5B6-4A6A-ABF2DCEB749A2967</string><string>0302EBB1-D889-41C4-A3103D0552B7C8FF,D49F8EAC-1F14-45FD-A28C2DBBD3CC0121</string><string>0302EBB1-D889-41C4-A3103D0552B7C8FF,F308E7D8-313F-4C29-A47CCBCFCBE0B674</string><string>0302EBB1-D889-41C4-A3103D0552B7C8FF,FB5C68F5-F62C-43DA-83AF60F6A1F8F7F1</string></field><field name='remoteID'><string></string><string></string><string></string><string></string><string></string><string></string><string></string><string></string><string></string><string></string></field><field name='remoteSourceURL'><string></string><string></string><string></string><string></string><string></string><string></string><string></string><string></string><string></string><string></string></field><field name='remotePubDate'><string></string><string></string><string></string><string></string><string></string><string></string><string></string><string></string><string></string><string></string></field><field name='urltitle'><string>news-categories</string><string>business</string><string>politics</string><string>technology</string><string>opinion</string><string>arts-culture</string><string>weather</string><string>world-news</string><string>health-science</string><string>local-news</string></field><field name='filename'><string>news-categories</string><string>news-categories/business</string><string>news-categories/politics</string><string>news-categories/technology</string><string>news-categories/opinion</string><string>news-categories/arts-culture</string><string>news-categories/weather</string><string>news-categories/world-news</string><string>news-categories/health-science</string><string>news-categories/local-news</string></field><field name='isfeatureable'><number>0.0</number><number>1.0</number><number>1.0</number><number>1.0</number><number>1.0</number><number>1.0</number><number>1.0</number><number>1.0</number><number>1.0</number><number>1.0</number></field></recordset></data></wddxPacket>
