<wddxPacket version='1.0'><header/><data><recordset rowCount='1' fieldNames='SITEID,CHAINID,NAME,CREATED,LASTUPDATE,DESCRIPTION,LASTUPDATEBY,LASTUPDATEBYID' type='coldfusion.sql.QueryTable'><field name='SITEID'><string>default</string></field><field name='CHAINID'><string>69BD4455-F409-4F7B-0EC07288A723B913</string></field><field name='NAME'><string>Default Approval Chain</string></field><field name='CREATED'><dateTime>2017-01-17T20:19:51+00:00</dateTime></field><field name='LASTUPDATE'><dateTime>2018-01-03T20:46:06+00:00</dateTime></field><field name='DESCRIPTION'><null/></field><field name='LASTUPDATEBY'><string>Admin User</string></field><field name='LASTUPDATEBYID'><string>9B745BA6-C6DA-DAE7-61071984324C5710</string></field></recordset></data></wddxPacket>
