<wddxPacket version='1.0'><header/><data><recordset rowCount='36' fieldNames='CONTENTHISTID,OBJECTID,OBJECT,CONTENTID,NAME,ORDERNO,SITEID,COLUMNID,PARAMS' type='coldfusion.sql.QueryTable'><field name='ContentHistID'><string>1522A642-301A-48C5-A07D241F75B5CAC7</string><string>181677B6-1213-42EE-9FCA98E832CB6955</string><string>181677B6-1213-42EE-9FCA98E832CB6955</string><string>181677B6-1213-42EE-9FCA98E832CB6955</string><string>181677B6-1213-42EE-9FCA98E832CB6955</string><string>181677B6-1213-42EE-9FCA98E832CB6955</string><string>181677B6-1213-42EE-9FCA98E832CB6955</string><string>2872FB66-F6AF-46DC-B6BC421FE85A984D</string><string>2C4E5D6C-FB80-4D92-9132A08C1B855C90</string><string>38C8A4CE-2B73-44D5-A82D11AED453233B</string><string>4682C63E-E5DB-4B88-B2CB3AEC5AD2D5BD</string><string>4682C63E-E5DB-4B88-B2CB3AEC5AD2D5BD</string><string>4E7D1025-6E34-4FA1-A49B4B696445027F</string><string>56609C49-8AF8-46FD-9325B7C34F9B4A6C</string><string>68F1FAE3-1C50-48A3-977D8EAF43DD02B8</string><string>75926488-68B8-4B09-A4D0C11FF3F35617</string><string>7BED3C8E-6334-4E43-9D9B413583381EBF</string><string>98831476-BFCF-4036-AA1FCC2C6E9AEE35</string><string>9F3F49B9-EB4D-4F10-A90A92E0E9401B7C</string><string>9F3F49B9-EB4D-4F10-A90A92E0E9401B7C</string><string>9F3F49B9-EB4D-4F10-A90A92E0E9401B7C</string><string>9F3F49B9-EB4D-4F10-A90A92E0E9401B7C</string><string>A5C0C084-DEEE-4FA9-9949F50D288E7C33</string><string>B194E3F8-FBB0-4017-88E14BBCD9BF0527</string><string>B194E3F8-FBB0-4017-88E14BBCD9BF0527</string><string>C995E443-AF3E-4F76-A58072957B73337E</string><string>CD131AFC-D5F3-4135-BA99980353C03A35</string><string>DD95A51A-8271-43F9-A3F8E47CA227096D</string><string>ED8E7FBD-E5E7-49F3-807C702A681A5DE1</string><string>EE7636C4-7B63-4177-AC8DB95B65E97B16</string><string>F7E65653-A768-4932-8FA7616B1F782CBA</string><string>F7E65653-A768-4932-8FA7616B1F782CBA</string><string>F7E65653-A768-4932-8FA7616B1F782CBA</string><string>F7E65653-A768-4932-8FA7616B1F782CBA</string><string>F7E65653-A768-4932-8FA7616B1F782CBA</string><string>FC12F132-BC15-4FBB-A0E4232007F77701</string></field><field name='ObjectID'><string>1D50896B-B450-4C77-B62E451ED8673146</string><string>1CA4BF2E-3D67-48CC-9EE52923B7D5A677</string><string>1CA4BF2E-3D67-48CC-9EE52923B7D5A677</string><string>1CA4BF2E-3D67-48CC-9EE52923B7D5A677</string><string>1CA4BF2E-3D67-48CC-9EE52923B7D5A677</string><string>2A77BE57-2594-4BC6-8CE40D2B2C1D2FE5</string><string>F97944B9-1300-4660-98CB5428D4D99BFA</string><string>98FEDAFB-6FDC-4D11-96BB9DF589B094C1</string><string>1B6CD03C-3755-4FB1-848C03135E9F9C0C</string><string>A018A653-B04B-47BE-8CEEB1A1F93F9386</string><string>54A1032B-4027-4F4F-83BFD761E07F88E6</string><string>57B3F29F-0201-4DD4-AF291E3B4247F44E</string><string>7563B466-D24D-43B8-A7DA29A1E6D6C6C5</string><string>2FA10ED3-FF4A-4348-9D50C661CD520CF8</string><string>C27329BF-2AA3-4EF3-B5D09CED1C347F8C</string><string>0F889DEB-016A-49E7-8BCD2DFD482749D6</string><string>A5B6F7B7-2593-4320-86ADD938ACBA94AE</string><string>BF7D1598-F043-4059-97DFF5D072205125</string><string>4E5F35BE-DED1-45D8-9646823858BE9A2F</string><string>63EE016A-5900-4A66-BBDD2F3C37FE4526</string><string>63EE016A-5900-4A66-BBDD2F3C37FE4526</string><string>63EE016A-5900-4A66-BBDD2F3C37FE4526</string><string>FA21113C-02E8-469D-8705A3E78177C549</string><string>D8064BBC-11AC-4AD9-ABDFF8F9122DDB79</string><string>FDB090EA-ED94-43F4-9FE75C50C43A5820</string><string>DE5B7A55-FEB8-4391-A381BF7CE2A9B7A7</string><string>99B5D4D6-2AAB-4C07-84D33A029B9AFB7C</string><string>9764EE6F-2464-4245-8404FEF7ED732BBB</string><string>EBAA8E56-8794-40F7-B6EF95D96FDC5BAE</string><string>AFED1358-680B-447F-AA9B9CB80CBD70A5</string><string>0A70EB89-C462-4342-B3776963F29F76D7</string><string>2F7765B9-F16F-4D21-9FF2EF172A50FAF5</string><string>403E6A75-D3DE-43CC-958C6C012413C7EF</string><string>4F5FF755-ED8E-4CFD-826131929D44B856</string><string>806C37F3-DC59-40C8-9FFE423BF5C9317E</string><string>174D6EC0-95C6-4FD5-B9ED87A289CBA677</string></field><field name='Object'><string>form</string><string>archive_nav</string><string>calendar_nav</string><string>category_summary</string><string>tag_cloud</string><string>category_summary</string><string>comments</string><string>folder_nav</string><string>standard_nav</string><string>collection</string><string>standard_nav</string><string>user_tools</string><string>tag_cloud</string><string>multilevel_nav</string><string>folder_nav</string><string>peer_nav</string><string>user_tools</string><string>event_reminder_form</string><string>comments</string><string>archive_nav</string><string>calendar_nav</string><string>tag_cloud</string><string>sub_nav</string><string>collection</string><string>standard_nav</string><string>feed</string><string>site_map</string><string>sub_nav</string><string>dragable_feeds</string><string>seq_nav</string><string>feed</string><string>feed</string><string>component</string><string>collection</string><string>component</string><string>comments</string></field><field name='ContentID'><string>E653E087-DEE0-49FB-8534EF64523E589C</string><string>1CA4BF2E-3D67-48CC-9EE52923B7D5A677</string><string>1CA4BF2E-3D67-48CC-9EE52923B7D5A677</string><string>1CA4BF2E-3D67-48CC-9EE52923B7D5A677</string><string>1CA4BF2E-3D67-48CC-9EE52923B7D5A677</string><string>1CA4BF2E-3D67-48CC-9EE52923B7D5A677</string><string>1CA4BF2E-3D67-48CC-9EE52923B7D5A677</string><string>98FEDAFB-6FDC-4D11-96BB9DF589B094C1</string><string>24B5BD90-E858-4A77-89C96572E575E455</string><string>B0E79615-B7DC-44FE-9245E4343F61FFE2</string><string>607EA87E-2AB6-4D1A-A43AC22A9A217E59</string><string>607EA87E-2AB6-4D1A-A43AC22A9A217E59</string><string>DE55965A-2675-4FBC-B0E12B0742573B43</string><string>04344FAC-FE04-4211-829563DEBAEB24C4</string><string>35E2780E-859C-4795-98A5BEC627EE4873</string><string>4E9D1AD4-2605-42B2-8B8CFD9EC3AFB403</string><string>A5C60AB6-00D2-42F1-B13507D0AC3C6797</string><string>2233CFF5-7D12-4AEC-94DD9867922C6209</string><string>63EE016A-5900-4A66-BBDD2F3C37FE4526</string><string>63EE016A-5900-4A66-BBDD2F3C37FE4526</string><string>63EE016A-5900-4A66-BBDD2F3C37FE4526</string><string>63EE016A-5900-4A66-BBDD2F3C37FE4526</string><string>29521929-4FAF-4FA6-818B58AB38834F99</string><string>FDB090EA-ED94-43F4-9FE75C50C43A5820</string><string>FDB090EA-ED94-43F4-9FE75C50C43A5820</string><string>69BF4461-E2EB-4936-8F76419DE7D8D573</string><string>FE87D3F6-7877-436B-99242E233A2C5D0B</string><string>9764EE6F-2464-4245-8404FEF7ED732BBB</string><string>790C0A79-51DE-4F8D-BDFC0955FC863860</string><string>5646E2C0-57FB-49FB-9A445A50E7817D20</string><string>00000000000000000000000000000000001</string><string>00000000000000000000000000000000001</string><string>00000000000000000000000000000000001</string><string>00000000000000000000000000000000001</string><string>00000000000000000000000000000000001</string><string>D19115B1-4FB1-49CD-8FD663D160674855</string></field><field name='Name'><string>&lt;i class=&quot;mi-toggle-on&quot;&gt;&lt;/i&gt; Form</string><string>&lt;i class=&quot;mi-align-justify&quot;&gt;&lt;/i&gt; Navigation</string><string>&lt;i class=&quot;mi-align-justify&quot;&gt;&lt;/i&gt; Navigation</string><string>Navigation</string><string>Navigation</string><string>Category Summary</string><string>Comments</string><string>&lt;i class=&quot;mi-align-justify&quot;&gt;&lt;/i&gt; Navigation</string><string>Standard Navigation</string><string>&lt;i class=&quot;mi-th-list&quot;&gt;&lt;/i&gt; Collection</string><string>Standard Navigation</string><string>User Tools</string><string>Tag Group</string><string>Multi-Level Navigation</string><string>Folder Navigation</string><string>Peer Navigation</string><string>&lt;i class=&quot;mi-cog&quot;&gt;&lt;/i&gt; System</string><string>Event Reminder Form</string><string>Comments</string><string>&lt;i class=&quot;mi-align-justify&quot;&gt;&lt;/i&gt; Navigation</string><string>&lt;i class=&quot;mi-align-justify&quot;&gt;&lt;/i&gt; Navigation</string><string>&lt;i class=&quot;mi-align-justify&quot;&gt;&lt;/i&gt; Navigation</string><string>Sub Navigation</string><string>Collection</string><string>Navigation</string><string>Upcoming Events - Local Index</string><string>Site Map</string><string>&lt;i class=&quot;mi-align-justify&quot;&gt;&lt;/i&gt; Navigation</string><string>Dragable Feeds</string><string>Sequential Nav</string><string>feed</string><string>feed</string><string>Component</string><string>collection</string><string>Component</string><string>&lt;i class=&quot;mi-cog&quot;&gt;&lt;/i&gt; System</string></field><field name='OrderNo'><number>1.0</number><number>2.0</number><number>1.0</number><number>2.0</number><number>3.0</number><number>1.0</number><number>1.0</number><number>1.0</number><number>1.0</number><number>1.0</number><number>1.0</number><number>2.0</number><number>1.0</number><number>1.0</number><number>1.0</number><number>1.0</number><number>1.0</number><number>1.0</number><number>1.0</number><number>2.0</number><number>1.0</number><number>3.0</number><number>1.0</number><number>1.0</number><number>1.0</number><number>1.0</number><number>1.0</number><number>1.0</number><number>1.0</number><number>1.0</number><number>2.0</number><number>1.0</number><number>2.0</number><number>1.0</number><number>1.0</number><number>1.0</number></field><field name='SiteID'><string>default</string><string>default</string><string>default</string><string>default</string><string>default</string><string>default</string><string>default</string><string>default</string><string>default</string><string>default</string><string>default</string><string>default</string><string>default</string><string>default</string><string>default</string><string>default</string><string>default</string><string>default</string><string>default</string><string>default</string><string>default</string><string>default</string><string>default</string><string>default</string><string>default</string><string>default</string><string>default</string><string>default</string><string>default</string><string>default</string><string>default</string><string>default</string><string>default</string><string>default</string><string>default</string><string>default</string></field><field name='ColumnID'><number>3.0</number><number>1.0</number><number>1.0</number><number>3.0</number><number>3.0</number><number>3.0</number><number>2.0</number><number>1.0</number><number>1.0</number><number>2.0</number><number>1.0</number><number>1.0</number><number>2.0</number><number>1.0</number><number>1.0</number><number>1.0</number><number>2.0</number><number>2.0</number><number>2.0</number><number>3.0</number><number>3.0</number><number>3.0</number><number>1.0</number><number>3.0</number><number>1.0</number><number>3.0</number><number>2.0</number><number>1.0</number><number>2.0</number><number>2.0</number><number>3.0</number><number>3.0</number><number>1.0</number><number>2.0</number><number>1.0</number><number>2.0</number></field><field name='Params'><string>{&quot;object&quot;:&quot;form&quot;,&quot;objectname&quot;:&quot;&lt;i class=\&quot;mi-toggle-on\&quot;&gt;&lt;/i&gt; Form&quot;,&quot;inited&quot;:true,&quot;view&quot;:&quot;form&quot;,&quot;render&quot;:&quot;client&quot;,&quot;label&quot;:&quot;Contact Us&quot;,&quot;cssclass&quot;:&quot;&quot;,&quot;class&quot;:&quot;&quot;,&quot;name&quot;:&quot;Information Request&quot;}</string><string>{&quot;object&quot;:&quot;archive_nav&quot;,&quot;render&quot;:&quot;server&quot;,&quot;objecticonclass&quot;:&quot;mi-cog&quot;,&quot;objectname&quot;:&quot;&lt;i class=\&quot;mi-align-justify\&quot;&gt;&lt;/i&gt; Navigation&quot;}</string><string>{&quot;object&quot;:&quot;calendar_nav&quot;,&quot;render&quot;:&quot;server&quot;,&quot;objectname&quot;:&quot;&lt;i class=\&quot;mi-align-justify\&quot;&gt;&lt;/i&gt; Navigation&quot;,&quot;objecticonclass&quot;:&quot;mi-cog&quot;}</string><string>{&quot;object&quot;:&quot;category_summary&quot;,&quot;objectname&quot;:&quot;Navigation&quot;,&quot;objecticonclass&quot;:&quot;mi-align-justify&quot;,&quot;inited&quot;:true,&quot;taggroup&quot;:&quot;&quot;,&quot;cssclass&quot;:&quot;&quot;,&quot;class&quot;:&quot;&quot;}</string><string>{&quot;object&quot;:&quot;tag_cloud&quot;,&quot;objectname&quot;:&quot;Navigation&quot;,&quot;objecticonclass&quot;:&quot;mi-align-justify&quot;,&quot;inited&quot;:true,&quot;taggroup&quot;:&quot;News&quot;,&quot;cssclass&quot;:&quot;&quot;,&quot;class&quot;:&quot;&quot;}</string><string>{&quot;object&quot;:&quot;category_summary&quot;,&quot;objectname&quot;:&quot;Category Summary&quot;,&quot;inited&quot;:true,&quot;taggroup&quot;:&quot;&quot;,&quot;css&quot;:&quot;&quot;,&quot;render&quot;:&quot;server&quot;,&quot;displayrss&quot;:false,&quot;objecticonclass&quot;:&quot;mi-cog&quot;}</string><string>{&quot;object&quot;:&quot;comments&quot;,&quot;objectname&quot;:&quot;Comments&quot;,&quot;inited&quot;:true,&quot;css&quot;:&quot;&quot;,&quot;render&quot;:&quot;server&quot;,&quot;objecticonclass&quot;:&quot;mi-cog&quot;}</string><string>{&quot;object&quot;:&quot;folder_nav&quot;,&quot;objectname&quot;:&quot;&lt;i class=\&quot;mi-align-justify\&quot;&gt;&lt;/i&gt; Navigation&quot;,&quot;inited&quot;:true,&quot;taggroup&quot;:&quot;&quot;,&quot;cssclass&quot;:&quot;&quot;,&quot;class&quot;:&quot;&quot;}</string><string></string><string>{&quot;object&quot;:&quot;collection&quot;,&quot;objectname&quot;:&quot;&lt;i class=\&quot;mi-th-list\&quot;&gt;&lt;/i&gt; Collection&quot;,&quot;inited&quot;:true,&quot;sourcetype&quot;:&quot;relatedcontent&quot;,&quot;label&quot;:&quot;&quot;,&quot;cssclass&quot;:&quot;&quot;,&quot;class&quot;:&quot;&quot;,&quot;source&quot;:&quot;00000000000000000000000000000000000&quot;,&quot;layout&quot;:&quot;default&quot;,&quot;imagesize&quot;:&quot;small&quot;,&quot;imageheight&quot;:&quot;AUTO&quot;,&quot;imagewidth&quot;:&quot;AUTO&quot;,&quot;displaylist&quot;:&quot;Date,Title,Summary,Credits,Tags&quot;,&quot;modalimages&quot;:false,&quot;viewalllink&quot;:&quot;&quot;,&quot;viewalllabel&quot;:&quot;&quot;,&quot;maxitems&quot;:4,&quot;nextn&quot;:20}</string><string></string><string></string><string>{&quot;taggroup&quot;:&quot;&quot;}</string><string></string><string></string><string></string><string>{&quot;object&quot;:&quot;user_tools&quot;,&quot;objectname&quot;:&quot;&lt;i class=\&quot;mi-cog\&quot;&gt;&lt;/i&gt; System&quot;,&quot;inited&quot;:true,&quot;cssclass&quot;:&quot;&quot;,&quot;class&quot;:&quot;&quot;}</string><string></string><string>{&quot;object&quot;:&quot;comments&quot;,&quot;render&quot;:&quot;server&quot;,&quot;css&quot;:&quot;&quot;,&quot;inited&quot;:true,&quot;objectname&quot;:&quot;Comments&quot;,&quot;objecticonclass&quot;:&quot;mi-cog&quot;}</string><string>{&quot;object&quot;:&quot;archive_nav&quot;,&quot;render&quot;:&quot;server&quot;,&quot;objecticonclass&quot;:&quot;mi-cog&quot;,&quot;objectname&quot;:&quot;&lt;i class=\&quot;mi-align-justify\&quot;&gt;&lt;/i&gt; Navigation&quot;}</string><string>{&quot;object&quot;:&quot;calendar_nav&quot;,&quot;render&quot;:&quot;server&quot;,&quot;objectname&quot;:&quot;&lt;i class=\&quot;mi-align-justify\&quot;&gt;&lt;/i&gt; Navigation&quot;,&quot;objecticonclass&quot;:&quot;mi-cog&quot;}</string><string>{&quot;object&quot;:&quot;tag_cloud&quot;,&quot;objectname&quot;:&quot;&lt;i class=\&quot;mi-align-justify\&quot;&gt;&lt;/i&gt; Navigation&quot;,&quot;inited&quot;:true,&quot;taggroup&quot;:&quot;&quot;,&quot;css&quot;:&quot;&quot;,&quot;objecticonclass&quot;:&quot;mi-cog&quot;}</string><string></string><string>{&quot;object&quot;:&quot;collection&quot;,&quot;css&quot;:&quot;&quot;,&quot;viewalllink&quot;:&quot;&quot;,&quot;objecticonclass&quot;:&quot;mi-th-list&quot;,&quot;objectname&quot;:&quot;Collection&quot;,&quot;layout&quot;:&quot;default&quot;,&quot;render&quot;:&quot;server&quot;,&quot;items&quot;:&quot;&quot;,&quot;sourcetype&quot;:&quot;remotefeed&quot;,&quot;displaylist&quot;:&quot;Image,Date,Title,Summary,Credits,Tags&quot;,&quot;viewalllabel&quot;:&quot;&quot;,&quot;inited&quot;:&quot;YES&quot;,&quot;nextn&quot;:20,&quot;modalimages&quot;:&quot;NO&quot;,&quot;imagesize&quot;:&quot;small&quot;,&quot;imagewidth&quot;:&quot;AUTO&quot;,&quot;displaysummaries&quot;:1,&quot;sortby&quot;:&quot;&quot;,&quot;source&quot;:&quot;0A70EB89-C462-4342-B3776963F29F76D7&quot;,&quot;label&quot;:&quot;&quot;,&quot;imageheight&quot;:&quot;AUTO&quot;,&quot;maxitems&quot;:2}</string><string>{&quot;object&quot;:&quot;standard_nav&quot;,&quot;inited&quot;:&quot;YES&quot;,&quot;css&quot;:&quot;&quot;,&quot;objecticonclass&quot;:&quot;mi-align-justify&quot;,&quot;objectname&quot;:&quot;Navigation&quot;,&quot;render&quot;:&quot;server&quot;,&quot;taggroup&quot;:&quot;&quot;}</string><string>{&quot;imageSize&quot;:&quot;small&quot;,&quot;imageWidth&quot;:&quot;AUTO&quot;,&quot;imageHeight&quot;:&quot;AUTO&quot;,&quot;displayName&quot;:&quot;1&quot;,&quot;altName&quot;:&quot;&quot;,&quot;cssclass&quot;:&quot;&quot;,&quot;viewalllink&quot;:&quot;&quot;,&quot;viewalllabel&quot;:&quot;&quot;,&quot;maxItems&quot;:&quot;3&quot;,&quot;nextN&quot;:&quot;20&quot;,&quot;displayList&quot;:&quot;Date,Title,Image,Summary,Credits,Tags&quot;}</string><string></string><string>{&quot;object&quot;:&quot;sub_nav&quot;,&quot;objectname&quot;:&quot;&lt;i class=\&quot;mi-align-justify\&quot;&gt;&lt;/i&gt; Navigation&quot;,&quot;inited&quot;:true,&quot;taggroup&quot;:&quot;&quot;,&quot;cssclass&quot;:&quot;&quot;,&quot;class&quot;:&quot;&quot;}</string><string></string><string></string><string>{&quot;object&quot;:&quot;feed&quot;,&quot;displaysummaries&quot;:0,&quot;viewalllink&quot;:&quot;&quot;,&quot;viewalllabel&quot;:&quot;&quot;,&quot;render&quot;:&quot;server&quot;,&quot;objectname&quot;:&quot;&quot;,&quot;objecticonclass&quot;:&quot;mi-cog&quot;}</string><string>{&quot;object&quot;:&quot;feed&quot;,&quot;imagesize&quot;:&quot;small&quot;,&quot;imagewidth&quot;:&quot;AUTO&quot;,&quot;imageheight&quot;:&quot;AUTO&quot;,&quot;displayname&quot;:1,&quot;altname&quot;:&quot;From Our Blog&quot;,&quot;cssclass&quot;:&quot;&quot;,&quot;viewalllink&quot;:&quot;&quot;,&quot;viewalllabel&quot;:&quot;&quot;,&quot;maxitems&quot;:1,&quot;nextn&quot;:20,&quot;displaylist&quot;:&quot;Date,Title,Summary,Credits&quot;,&quot;render&quot;:&quot;server&quot;,&quot;objectname&quot;:&quot;&quot;,&quot;displaysummaries&quot;:true,&quot;objecticonclass&quot;:&quot;mi-cog&quot;}</string><string>{&quot;object&quot;:&quot;component&quot;,&quot;objectname&quot;:&quot;Component&quot;,&quot;objecticonclass&quot;:&quot;mi-clone&quot;,&quot;inited&quot;:true,&quot;css&quot;:&quot;&quot;,&quot;&quot;:&quot;&quot;}</string><string>{&quot;object&quot;:&quot;collection&quot;,&quot;objectname&quot;:&quot;&quot;,&quot;inited&quot;:true,&quot;sourcetype&quot;:&quot;localindex&quot;,&quot;label&quot;:&quot;From Our Blog&quot;,&quot;css&quot;:&quot;&quot;,&quot;source&quot;:&quot;2F7765B9-F16F-4D21-9FF2EF172A50FAF5&quot;,&quot;layout&quot;:&quot;grid&quot;,&quot;imagesize&quot;:&quot;carouselimage&quot;,&quot;imageheight&quot;:&quot;AUTO&quot;,&quot;imagewidth&quot;:&quot;AUTO&quot;,&quot;displaylist&quot;:&quot;Image,Date,Title,Summary,Credits&quot;,&quot;modalimages&quot;:false,&quot;maxitems&quot;:3,&quot;nextn&quot;:20,&quot;gridstyle&quot;:&quot;mura-grid-three&quot;,&quot;render&quot;:&quot;server&quot;,&quot;items&quot;:&quot;&quot;,&quot;viewalllink&quot;:&quot;&quot;,&quot;viewalllabel&quot;:&quot;&quot;,&quot;sourceid&quot;:&quot;2F7765B9-F16F-4D21-9FF2EF172A50FAF5&quot;,&quot;cssclass&quot;:&quot;home-news&quot;,&quot;class&quot;:&quot;home-news&quot;,&quot;objecticonclass&quot;:&quot;mi-th-list&quot;}</string><string>{&quot;object&quot;:&quot;component&quot;,&quot;objectname&quot;:&quot;Component&quot;,&quot;objecticonclass&quot;:&quot;mi-clone&quot;,&quot;inited&quot;:true,&quot;css&quot;:&quot;&quot;,&quot;&quot;:&quot;&quot;}</string><string>{&quot;object&quot;:&quot;comments&quot;,&quot;objectname&quot;:&quot;&lt;i class=\&quot;mi-cog\&quot;&gt;&lt;/i&gt; System&quot;,&quot;inited&quot;:true,&quot;cssclass&quot;:&quot;&quot;,&quot;class&quot;:&quot;&quot;}</string></field></recordset></data></wddxPacket>
