<wddxPacket version='1.0'><header/><data><recordset rowCount='2' fieldNames='FEEDID,ITEMID,TYPE' type='coldfusion.sql.QueryTable'><field name='FEEDID'><string>69BEDB5E-00BE-A9E9-A17919A5051C3E10</string><string>69BEE13D-B78C-C25E-A211735F63DF6AEC</string></field><field name='ITEMID'><string>69BEC0BE-D5AF-1580-733DCEDDFC7E58E3</string><string>69BEC69D-CDE4-3823-C0950F495A65F114</string></field><field name='TYPE'><string>contentID</string><string>contentID</string></field></recordset></data></wddxPacket>
