<wddxPacket version='1.0'><header/><data><recordset rowCount='3' fieldNames='LASTNAME,AUTHORID,FIRSTNAME,SITEID,BOOKID' type='coldfusion.sql.QueryTable'><field name='LASTNAME'><string>Withington</string><string>Levine</string><string>Schroeder</string></field><field name='AUTHORID'><string>223C76FF-E758-624C-0110A9F64D7070DB</string><string>223DE41A-C810-1E35-54A0A4E401D8F99C</string><string>3CFD551E-E374-51A8-642F4470F65DA4D1</string></field><field name='FIRSTNAME'><string>Stephen</string><string>Matt</string><string>Sean</string></field><field name='SITEID'><string>default</string><string>default</string><string>default</string></field><field name='BOOKID'><string>                                   </string><string>                                   </string><string>                                   </string></field></recordset></data></wddxPacket>
