<wddxPacket version='1.0'><header/><data><recordset rowCount='3' fieldNames='BOOKISBN,BOOKTITLE,BOOKID,SITEID,AUTHORID' type='coldfusion.sql.QueryTable'><field name='BOOKISBN'><string>555-222-555</string><string>777-444-777</string><string>888-00-888</string></field><field name='BOOKTITLE'><string>First Book</string><string>Second Book</string><string>Third Book</string></field><field name='BOOKID'><string>222C161E-98F8-0ABA-87FC1036357F1E61</string><string>222FCD92-D330-4573-479A6CAB307CB5A7</string><string>22342318-F64B-2170-242E38BF41739170</string></field><field name='SITEID'><string>default</string><string>default</string><string>default</string></field><field name='AUTHORID'><string>                                   </string><string>                                   </string><string>                                   </string></field></recordset></data></wddxPacket>
