<wddxPacket version='1.0'><header/><data><recordset rowCount='1' fieldNames='EXTENDSETID,SUBTYPEID,CATEGORYID,SITEID,NAME,ORDERNO,ISACTIVE,CONTAINER' type='coldfusion.sql.QueryTable'><field name='EXTENDSETID'><string>9CC66A84-0B08-FF98-E246306A70AF0292</string></field><field name='SUBTYPEID'><string>9CC66A0F-ACD2-A599-BBC75E699FB16726</string></field><field name='CATEGORYID'><null/></field><field name='SITEID'><string>default</string></field><field name='NAME'><string>Marketo Settings</string></field><field name='ORDERNO'><number>9.0</number></field><field name='ISACTIVE'><number>1.0</number></field><field name='CONTAINER'><string>Basic</string></field></recordset></data></wddxPacket>
