<wddxPacket version='1.0'><header/><data><recordset rowCount='1' fieldNames='SITEID,CHAINID,NAME,CREATED,LASTUPDATE,DESCRIPTION,LASTUPDATEBY,LASTUPDATEBYID' type='coldfusion.sql.QueryTable'><field name='SITEID'><string>default</string></field><field name='CHAINID'><string>F0DCFDF0-DEF0-2BBF-3D0307CB6C22DF4A</string></field><field name='NAME'><string>Default Approval Chain</string></field><field name='CREATED'><dateTime>2017-01-17T20:19:51+00:00</dateTime></field><field name='LASTUPDATE'><dateTime>2017-11-27T17:18:13+00:00</dateTime></field><field name='DESCRIPTION'><null/></field><field name='LASTUPDATEBY'><string>Admin User</string></field><field name='LASTUPDATEBYID'><string>3178B8FD-FB23-A809-786506409F00CEB9</string></field></recordset></data></wddxPacket>
