<wddxPacket version='1.0'><header/><data><recordset rowCount='0' fieldNames='CAPTION,REMOTEPUBDATE,FILEID,CONTENTHISTID,CREDITS,METAID,REMOTESOURCE,REMOTESOURCEURL,CONTENTID,ALTTEXT,REMOTEID,REMOTEURL,SITEID,EXIF' type='coldfusion.sql.QueryTable'><field name='caption'></field><field name='remotePubDate'></field><field name='fileid'></field><field name='contenthistid'></field><field name='credits'></field><field name='metaID'></field><field name='remoteSource'></field><field name='remoteSourceURL'></field><field name='contentid'></field><field name='altText'></field><field name='remoteID'></field><field name='remoteURL'></field><field name='siteID'></field><field name='exif'></field></recordset></data></wddxPacket>
