<wddxPacket version='1.0'><header/><data><recordset rowCount='9' fieldNames='CONTENTHISTID,CATEGORYID,CONTENTID,ISFEATURE,ORDERNO,SITEID,FEATURESTART,FEATURESTOP' type='coldfusion.sql.QueryTable'><field name='CONTENTHISTID'><string>69BED67B-F8E4-CA6D-8F51A8187E8DDBFD</string><string>69BED6AC-ABE8-2E93-E5AF3249949E2B8E</string><string>69BED6E3-0981-6FAB-64DDD546DC1901C4</string><string>69BED6E3-0981-6FAB-64DDD546DC1901C4</string><string>69BED703-F283-1CCE-D38D3961A7B4803C</string><string>69BED703-F283-1CCE-D38D3961A7B4803C</string><string>69BED726-CEA9-423D-B5E525CBFD515EE4</string><string>69BED726-CEA9-423D-B5E525CBFD515EE4</string><string>69BED726-CEA9-423D-B5E525CBFD515EE4</string></field><field name='CATEGORYID'><string>69BEDE67-E5D5-E02D-C86287C46FED3EF3</string><string>69BEDE8A-A5C3-7087-261CA6C3B091871D</string><string>69BEDE67-E5D5-E02D-C86287C46FED3EF3</string><string>69BEDEAA-E8D7-2A10-64FA62DE4344CCCF</string><string>69BEDE67-E5D5-E02D-C86287C46FED3EF3</string><string>69BEDEC5-AB5D-D037-205E1029ABA81E4D</string><string>69BEDE67-E5D5-E02D-C86287C46FED3EF3</string><string>69BEDEAA-E8D7-2A10-64FA62DE4344CCCF</string><string>69BEDEF8-FD89-22B9-6AB19374A816784E</string></field><field name='CONTENTID'><string>69BED67D-B2C3-DFA5-47F964BA24E5F573</string><string>69BED6AE-B91A-DDCB-FA5BBBC6EF0CD07C</string><string>69BED6E5-011F-EBA9-15E8941B788727CD</string><string>69BED6E5-011F-EBA9-15E8941B788727CD</string><string>69BED705-C252-FFDE-F429485478778F21</string><string>69BED705-C252-FFDE-F429485478778F21</string><string>69BED728-FB08-764A-2A52C375FD5DE670</string><string>69BED728-FB08-764A-2A52C375FD5DE670</string><string>69BED728-FB08-764A-2A52C375FD5DE670</string></field><field name='ISFEATURE'><number>0.0</number><number>0.0</number><number>0.0</number><number>0.0</number><number>0.0</number><number>0.0</number><number>0.0</number><number>0.0</number><number>0.0</number></field><field name='ORDERNO'><number>0.0</number><number>0.0</number><number>0.0</number><number>0.0</number><number>0.0</number><number>0.0</number><number>0.0</number><number>0.0</number><number>0.0</number></field><field name='SITEID'><string>default</string><string>default</string><string>default</string><string>default</string><string>default</string><string>default</string><string>default</string><string>default</string><string>default</string></field><field name='FEATURESTART'><null/><null/><null/><null/><null/><null/><null/><null/><null/></field><field name='FEATURESTOP'><null/><null/><null/><null/><null/><null/><null/><null/><null/></field></recordset></data></wddxPacket>
