<wddxPacket version='1.0'><header/><data><recordset rowCount='6' fieldNames='CONTENTHISTID,RELATEDID,CONTENTID,SITEID,RELATEDCONTENTSETID,ORDERNO,RELATEDCONTENTID' type='coldfusion.sql.QueryTable'><field name='CONTENTHISTID'><string>F0DEA30F-D4D5-AE9E-3A16F67D6E10A3AD</string><string>F0DEA30F-D4D5-AE9E-3A16F67D6E10A3AD</string><string>F0DEB892-D072-6EE6-445CCD86F10A9561</string><string>F0DEA30F-D4D5-AE9E-3A16F67D6E10A3AD</string><string>F0DEB180-BB10-FEDA-349BED3F99403EC1</string><string>F0DEA30F-D4D5-AE9E-3A16F67D6E10A3AD</string></field><field name='RELATEDID'><string>F0DEB97C-9995-702B-DA4701EB0C90E23A</string><string>F0DEAF59-F0E2-CD2A-7A750683A3DE8231</string><string>F0DEA20C-93CA-E179-939AEFF34A7ED715</string><string>F0DEB71A-A1D1-9F54-4F4B42626EDBB60B</string><string>F0DEA2CD-C0E4-8070-3D9A3A1D45E14933</string><string>F0DEA101-A2EB-3018-EB222222F8B05F77</string></field><field name='CONTENTID'><string>F0DEA310-A46A-C1F8-C90D238E8271E98B</string><string>F0DEA310-A46A-C1F8-C90D238E8271E98B</string><string>F0DEA2CD-C0E4-8070-3D9A3A1D45E14933</string><string>F0DEA310-A46A-C1F8-C90D238E8271E98B</string><string>F0DEA00C-B023-A745-0431B3C6E6E912AD</string><string>F0DEA310-A46A-C1F8-C90D238E8271E98B</string></field><field name='SITEID'><string>default</string><string>default</string><string>default</string><string>default</string><string>default</string><string>default</string></field><field name='RELATEDCONTENTSETID'><string>00000000000000000000000000000000000</string><string>00000000000000000000000000000000000</string><string>00000000000000000000000000000000000</string><string>00000000000000000000000000000000000</string><string>00000000000000000000000000000000000</string><string>00000000000000000000000000000000000</string></field><field name='ORDERNO'><number>1.0</number><number>5.0</number><number>2.0</number><number>4.0</number><number>1.0</number><number>3.0</number></field><field name='RELATEDCONTENTID'><number>1.0</number><number>2.0</number><number>3.0</number><number>4.0</number><number>5.0</number><number>6.0</number></field></recordset></data></wddxPacket>
