<wddxPacket version='1.0'><header/><data><recordset rowCount='2' fieldNames='FEEDID,ITEMID,TYPE' type='coldfusion.sql.QueryTable'><field name='feedID'><string>2F7765B9-F16F-4D21-9FF2EF172A50FAF5</string><string>E596CD5D-862D-4B54-89602C09DE315BD5</string></field><field name='itemID'><string>63EE016A-5900-4A66-BBDD2F3C37FE4526</string><string>1CA4BF2E-3D67-48CC-9EE52923B7D5A677</string></field><field name='type'><string>contentID</string><string>contentID</string></field></recordset></data></wddxPacket>
