<wddxPacket version='1.0'><header/><data><recordset rowCount='2' fieldNames='MEMBERSHIPID,CREATED,ORDERNO,CHAINID,SITEID,GROUPID' type='coldfusion.sql.QueryTable'><field name='membershipID'><string>AD7B0CFF-9193-4CD2-9FA1E1AAE906792A</string><string>B200B0C5-6949-415D-98DD8C2C01421FFB</string></field><field name='created'><dateTime>2017-1-17T20:19:51+0:0</dateTime><dateTime>2017-1-17T20:20:49+0:0</dateTime></field><field name='orderno'><number>2.0</number><number>1.0</number></field><field name='chainID'><string>466FBF5B-1885-4689-B1E3A6B9549ECB48</string><string>466FBF5B-1885-4689-B1E3A6B9549ECB48</string></field><field name='siteID'><string>default</string><string>default</string></field><field name='groupID'><string>223DAACF-0BB1-428B-928629A2877793AA</string><string>F4C9CD4C-DC7B-40CE-92D2C3B516482FFA</string></field></recordset></data></wddxPacket>
