<wddxPacket version='1.0'><header/><data><recordset rowCount='22' fieldNames='TAGID,CONTENTHISTID,CONTENTID,SITEID,TAG,TAGGROUP' type='coldfusion.sql.QueryTable'><field name='TAGID'><number>1.0</number><number>2.0</number><number>3.0</number><number>4.0</number><number>5.0</number><number>6.0</number><number>7.0</number><number>8.0</number><number>9.0</number><number>10.0</number><number>11.0</number><number>12.0</number><number>13.0</number><number>14.0</number><number>15.0</number><number>16.0</number><number>17.0</number><number>18.0</number><number>19.0</number><number>20.0</number><number>21.0</number><number>22.0</number></field><field name='CONTENTHISTID'><string>69BEC0B7-0487-27FC-79140266F1A58631</string><string>69BEC0B7-0487-27FC-79140266F1A58631</string><string>69BEC1F7-BB71-4658-49A3F1298CF70BE2</string><string>69BEC1F7-BB71-4658-49A3F1298CF70BE2</string><string>69BEC48C-D796-66FC-8AD405A200426779</string><string>69BEC48C-D796-66FC-8AD405A200426779</string><string>69BEC5D3-A3FF-C28B-1AD06359BBA44F08</string><string>69BEC5D3-A3FF-C28B-1AD06359BBA44F08</string><string>69BED67B-F8E4-CA6D-8F51A8187E8DDBFD</string><string>69BED67B-F8E4-CA6D-8F51A8187E8DDBFD</string><string>69BED6AC-ABE8-2E93-E5AF3249949E2B8E</string><string>69BED6AC-ABE8-2E93-E5AF3249949E2B8E</string><string>69BED6AC-ABE8-2E93-E5AF3249949E2B8E</string><string>69BED6AC-ABE8-2E93-E5AF3249949E2B8E</string><string>69BED6E3-0981-6FAB-64DDD546DC1901C4</string><string>69BED6E3-0981-6FAB-64DDD546DC1901C4</string><string>69BED6E3-0981-6FAB-64DDD546DC1901C4</string><string>69BED703-F283-1CCE-D38D3961A7B4803C</string><string>69BED703-F283-1CCE-D38D3961A7B4803C</string><string>69BED726-CEA9-423D-B5E525CBFD515EE4</string><string>69BED726-CEA9-423D-B5E525CBFD515EE4</string><string>69BED726-CEA9-423D-B5E525CBFD515EE4</string></field><field name='CONTENTID'><string>69BEC0B8-ED72-6249-A3A386EDE3912859</string><string>69BEC0B8-ED72-6249-A3A386EDE3912859</string><string>69BEC1F8-ED29-631A-BEB0FD1200B05D8E</string><string>69BEC1F8-ED29-631A-BEB0FD1200B05D8E</string><string>69BEC48D-B00B-50C7-364878899ACE9300</string><string>69BEC48D-B00B-50C7-364878899ACE9300</string><string>69BEC5D4-E13D-BACD-AA0FE7828E848F11</string><string>69BEC5D4-E13D-BACD-AA0FE7828E848F11</string><string>69BED67D-B2C3-DFA5-47F964BA24E5F573</string><string>69BED67D-B2C3-DFA5-47F964BA24E5F573</string><string>69BED6AE-B91A-DDCB-FA5BBBC6EF0CD07C</string><string>69BED6AE-B91A-DDCB-FA5BBBC6EF0CD07C</string><string>69BED6AE-B91A-DDCB-FA5BBBC6EF0CD07C</string><string>69BED6AE-B91A-DDCB-FA5BBBC6EF0CD07C</string><string>69BED6E5-011F-EBA9-15E8941B788727CD</string><string>69BED6E5-011F-EBA9-15E8941B788727CD</string><string>69BED6E5-011F-EBA9-15E8941B788727CD</string><string>69BED705-C252-FFDE-F429485478778F21</string><string>69BED705-C252-FFDE-F429485478778F21</string><string>69BED728-FB08-764A-2A52C375FD5DE670</string><string>69BED728-FB08-764A-2A52C375FD5DE670</string><string>69BED728-FB08-764A-2A52C375FD5DE670</string></field><field name='SITEID'><string>default                  </string><string>default                  </string><string>default                  </string><string>default                  </string><string>default                  </string><string>default                  </string><string>default                  </string><string>default                  </string><string>default                  </string><string>default                  </string><string>default                  </string><string>default                  </string><string>default                  </string><string>default                  </string><string>default                  </string><string>default                  </string><string>default                  </string><string>default                  </string><string>default                  </string><string>default                  </string><string>default                  </string><string>default                  </string></field><field name='TAG'><string>school</string><string>kids</string><string>fun</string><string>kids</string><string>travel</string><string>fun</string><string>fun</string><string>travel</string><string>Concert</string><string>Music</string><string>Coworking</string><string>Synergy</string><string>Networking</string><string>Productivity</string><string>Nature</string><string>Landscape</string><string>Outdoors</string><string>Surfing</string><string>Outdoors</string><string>Nature</string><string>Outdoors</string><string>Trees</string></field><field name='TAGGROUP'><null/><null/><null/><null/><null/><null/><null/><null/><string>News</string><string>News</string><string>News</string><string>News</string><string>News</string><string>News</string><string>News</string><string>News</string><string>News</string><string>News</string><string>News</string><string>News</string><string>News</string><string>News</string></field></recordset></data></wddxPacket>
