<wddxPacket version='1.0'><header/><data><recordset rowCount='10' fieldNames='CATEGORYID,SITEID,PARENTID,DATECREATED,LASTUPDATE,LASTUPDATEBY,NAME,NOTES,ISINTERESTGROUP,ISACTIVE,ISOPEN,SORTBY,SORTDIRECTION,RESTRICTGROUPS,PATH,REMOTEID,REMOTESOURCEURL,REMOTEPUBDATE,URLTITLE,FILENAME,ISFEATUREABLE' type='coldfusion.sql.QueryTable'><field name='CATEGORYID'><string>A54B98C9-C250-E072-53DA514D7C937C33</string><string>A54B98DD-083E-694B-7FBC0DCB106550EF</string><string>A54B9910-0F31-B800-B3612A2DE2F349B8</string><string>A54B993C-BD4A-D8FC-8661E1D08C4FF86F</string><string>A54B9986-F52B-67BC-1A29EAAC97334055</string><string>A54B9A2F-F1B2-84FA-3893C4A4B5B66473</string><string>A54B9A9C-E7A4-05E5-4FFD7E1402871B4A</string><string>A54B9AA6-0119-9B83-00E352FEB534DFEC</string><string>A54B9AB2-AB29-965F-EA1224BEB89EC0F6</string><string>A54B9ABC-A726-44FC-5BE85AA073E99746</string></field><field name='SITEID'><string>default</string><string>default</string><string>default</string><string>default</string><string>default</string><string>default</string><string>default</string><string>default</string><string>default</string><string>default</string></field><field name='PARENTID'><string>A54B9A2F-F1B2-84FA-3893C4A4B5B66473</string><string>A54B9A2F-F1B2-84FA-3893C4A4B5B66473</string><string>A54B9A2F-F1B2-84FA-3893C4A4B5B66473</string><string>A54B9A2F-F1B2-84FA-3893C4A4B5B66473</string><string>A54B9A2F-F1B2-84FA-3893C4A4B5B66473</string><null/><string>A54B9A2F-F1B2-84FA-3893C4A4B5B66473</string><string>A54B9A2F-F1B2-84FA-3893C4A4B5B66473</string><string>A54B9A2F-F1B2-84FA-3893C4A4B5B66473</string><string>A54B9A2F-F1B2-84FA-3893C4A4B5B66473</string></field><field name='DATECREATED'><dateTime>2012-11-27T16:11:00+00:00</dateTime><dateTime>2012-11-27T16:09:49+00:00</dateTime><dateTime>2012-11-27T16:12:39+00:00</dateTime><dateTime>2012-11-27T16:13:03+00:00</dateTime><dateTime>2013-09-21T00:39:24+00:00</dateTime><dateTime>2012-11-27T16:09:32+00:00</dateTime><dateTime>2012-11-27T16:10:10+00:00</dateTime><dateTime>2012-11-27T19:36:20+00:00</dateTime><dateTime>2012-11-27T16:10:32+00:00</dateTime><dateTime>2012-11-27T16:10:19+00:00</dateTime></field><field name='LASTUPDATE'><dateTime>2012-11-27T16:11:00+00:00</dateTime><dateTime>2012-11-27T16:09:49+00:00</dateTime><dateTime>2012-11-27T16:12:39+00:00</dateTime><dateTime>2012-11-27T16:13:03+00:00</dateTime><dateTime>2013-09-21T00:39:24+00:00</dateTime><dateTime>2012-11-27T16:09:32+00:00</dateTime><dateTime>2012-11-27T16:10:10+00:00</dateTime><dateTime>2012-11-27T19:36:20+00:00</dateTime><dateTime>2012-11-27T16:10:32+00:00</dateTime><dateTime>2012-11-27T16:10:19+00:00</dateTime></field><field name='LASTUPDATEBY'><string>Steve Withington</string><string>Steve Withington</string><string>Steve Withington</string><string>Steve Withington</string><string>Steve Withington</string><string>Steve Withington</string><string>Steve Withington</string><string>Steve Withington</string><string>Steve Withington</string><string>Steve Withington</string></field><field name='NAME'><string>Arts &amp; Culture</string><string>Business</string><string>Opinion</string><string>Health &amp; Science</string><string>Weather</string><string>News Categories</string><string>Politics</string><string>Technology</string><string>World News</string><string>Local News</string></field><field name='NOTES'><null/><null/><null/><null/><null/><null/><null/><null/><null/><null/></field><field name='ISINTERESTGROUP'><number>1.0</number><number>1.0</number><number>1.0</number><number>1.0</number><number>1.0</number><number>0.0</number><number>1.0</number><number>1.0</number><number>1.0</number><number>1.0</number></field><field name='ISACTIVE'><number>1.0</number><number>1.0</number><number>1.0</number><number>1.0</number><number>1.0</number><number>1.0</number><number>1.0</number><number>1.0</number><number>1.0</number><number>1.0</number></field><field name='ISOPEN'><number>1.0</number><number>1.0</number><number>1.0</number><number>1.0</number><number>1.0</number><number>0.0</number><number>1.0</number><number>1.0</number><number>1.0</number><number>1.0</number></field><field name='SORTBY'><string>orderno</string><string>orderno</string><string>orderno</string><string>orderno</string><string>orderno</string><string>orderno</string><string>orderno</string><string>orderno</string><string>orderno</string><string>orderno</string></field><field name='SORTDIRECTION'><string>asc</string><string>asc</string><string>asc</string><string>asc</string><string>asc</string><string>asc</string><string>asc</string><string>asc</string><string>asc</string><string>asc</string></field><field name='RESTRICTGROUPS'><null/><null/><null/><null/><null/><null/><null/><null/><null/><null/></field><field name='PATH'><string>A54B9A2F-F1B2-84FA-3893C4A4B5B66473,A54B98C9-C250-E072-53DA514D7C937C33</string><string>A54B9A2F-F1B2-84FA-3893C4A4B5B66473,A54B98DD-083E-694B-7FBC0DCB106550EF</string><string>A54B9A2F-F1B2-84FA-3893C4A4B5B66473,A54B9910-0F31-B800-B3612A2DE2F349B8</string><string>A54B9A2F-F1B2-84FA-3893C4A4B5B66473,A54B993C-BD4A-D8FC-8661E1D08C4FF86F</string><string>A54B9A2F-F1B2-84FA-3893C4A4B5B66473,A54B9986-F52B-67BC-1A29EAAC97334055</string><string>A54B9A2F-F1B2-84FA-3893C4A4B5B66473</string><string>A54B9A2F-F1B2-84FA-3893C4A4B5B66473,A54B9A9C-E7A4-05E5-4FFD7E1402871B4A</string><string>A54B9A2F-F1B2-84FA-3893C4A4B5B66473,A54B9AA6-0119-9B83-00E352FEB534DFEC</string><string>A54B9A2F-F1B2-84FA-3893C4A4B5B66473,A54B9AB2-AB29-965F-EA1224BEB89EC0F6</string><string>A54B9A2F-F1B2-84FA-3893C4A4B5B66473,A54B9ABC-A726-44FC-5BE85AA073E99746</string></field><field name='REMOTEID'><null/><null/><null/><null/><null/><null/><null/><null/><null/><null/></field><field name='REMOTESOURCEURL'><null/><null/><null/><null/><null/><null/><null/><null/><null/><null/></field><field name='REMOTEPUBDATE'><null/><null/><null/><null/><null/><null/><null/><null/><null/><null/></field><field name='URLTITLE'><string>arts-culture</string><string>business</string><string>opinion</string><string>health-science</string><string>weather</string><string>news-categories</string><string>politics</string><string>technology</string><string>world-news</string><string>local-news</string></field><field name='FILENAME'><string>news-categories/arts-culture</string><string>news-categories/business</string><string>news-categories/opinion</string><string>news-categories/health-science</string><string>news-categories/weather</string><string>news-categories</string><string>news-categories/politics</string><string>news-categories/technology</string><string>news-categories/world-news</string><string>news-categories/local-news</string></field><field name='ISFEATUREABLE'><number>1.0</number><number>1.0</number><number>1.0</number><number>1.0</number><number>1.0</number><number>0.0</number><number>1.0</number><number>1.0</number><number>1.0</number><number>1.0</number></field></recordset></data></wddxPacket>
