<wddxPacket version='1.0'><header/><data><recordset rowCount='0' fieldNames='ATTRIBUTEID,EXTENDSETID,SITEID,NAME,LABEL,HINT,TYPE,ORDERNO,ISACTIVE,REQUIRED,VALIDATION,REGEX,MESSAGE,DEFAULTVALUE,OPTIONLIST,OPTIONLABELLIST,ADMINONLY' type='coldfusion.sql.QueryTable'><field name='attributeID'></field><field name='extendSetID'></field><field name='siteID'></field><field name='name'></field><field name='label'></field><field name='hint'></field><field name='type'></field><field name='orderno'></field><field name='isActive'></field><field name='required'></field><field name='validation'></field><field name='regex'></field><field name='message'></field><field name='defaultValue'></field><field name='optionList'></field><field name='optionLabelList'></field><field name='adminonly'></field></recordset></data></wddxPacket>
