<wddxPacket version='1.0'><header/><data><recordset rowCount='2' fieldNames='FEEDID,ITEMID,TYPE' type='coldfusion.sql.QueryTable'><field name='FEEDID'><string>F0DEBEC1-AD95-3767-71B274D1A3968CD7</string><string>F0DEC6C4-E894-504D-C1E533AD2DB3A6D5</string></field><field name='ITEMID'><string>F0DEA03C-E064-53E9-FF19A030C10233C2</string><string>F0DEB332-F5A1-E93C-A9843B27113BA606</string></field><field name='TYPE'><string>contentID</string><string>contentID</string></field></recordset></data></wddxPacket>
