<wddxPacket version='1.0'><header/><data><recordset rowCount='2' fieldNames='REQUESTID,CREATED,ACTIONTYPE,ACTIONTID,CHAINID,COMMENTS,SITEID,PARENTID,USERID,GROUPID' type='coldfusion.sql.QueryTable'><field name='requestID'><string>52F7B52F-4149-4D5F-9753830E4E394D79</string><string>52F7B52F-4149-4D5F-9753830E4E394D79</string></field><field name='created'><dateTime>2017-1-17T20:43:26+0:0</dateTime><dateTime>2017-1-17T20:41:56+0:0</dateTime></field><field name='actionType'><string>Approval</string><string>Approval</string></field><field name='actiontID'><string>42716CF7-5F79-45C4-B76C7A1D9B3CBFE3</string><string>DDF13AF3-5C62-4346-BFBC4CC6BF357872</string></field><field name='chainID'><string>466FBF5B-1885-4689-B1E3A6B9549ECB48</string><string>466FBF5B-1885-4689-B1E3A6B9549ECB48</string></field><field name='comments'><string></string><string></string></field><field name='siteID'><string>default</string><string>default</string></field><field name='parentID'><string></string><string></string></field><field name='userID'><string>6823FD59-9485-4B1F-B2FD7EC5B449C96E</string><string>52C12A69-B4BD-4597-808678E2B28BC8AA</string></field><field name='groupID'><string>223DAACF-0BB1-428B-928629A2877793AA</string><string>F4C9CD4C-DC7B-40CE-92D2C3B516482FFA</string></field></recordset></data></wddxPacket>
