<wddxPacket version='1.0'><header/><data><recordset rowCount='22' fieldNames='TAGID,CONTENTID,CONTENTHISTID,SITEID,TAG,TAGGROUP' type='coldfusion.sql.QueryTable'><field name='tagID'><number>1.0</number><number>2.0</number><number>3.0</number><number>4.0</number><number>8.0</number><number>9.0</number><number>10.0</number><number>11.0</number><number>17.0</number><number>18.0</number><number>19.0</number><number>20.0</number><number>21.0</number><number>22.0</number><number>23.0</number><number>24.0</number><number>25.0</number><number>26.0</number><number>27.0</number><number>28.0</number><number>29.0</number><number>30.0</number></field><field name='contentID'><string>11F14A8F-B8A8-4394-870EA923D9366439</string><string>11F14A8F-B8A8-4394-870EA923D9366439</string><string>8B85F884-4B26-41E0-BC814855370F59B2</string><string>8B85F884-4B26-41E0-BC814855370F59B2</string><string>DEB09535-21EE-4D38-B78CF69F77F63443</string><string>DEB09535-21EE-4D38-B78CF69F77F63443</string><string>94F62AB0-D848-4570-A178352FDC46A6FC</string><string>94F62AB0-D848-4570-A178352FDC46A6FC</string><string>6C0A0D1F-E3E8-4096-AF85D1B481E86320</string><string>6C0A0D1F-E3E8-4096-AF85D1B481E86320</string><string>97923A48-8C09-415E-B8F416BFA54EAAD9</string><string>97923A48-8C09-415E-B8F416BFA54EAAD9</string><string>97923A48-8C09-415E-B8F416BFA54EAAD9</string><string>97923A48-8C09-415E-B8F416BFA54EAAD9</string><string>8CC1835A-F0D9-40BF-88D6FD25C7F24E35</string><string>8CC1835A-F0D9-40BF-88D6FD25C7F24E35</string><string>8CC1835A-F0D9-40BF-88D6FD25C7F24E35</string><string>1EA1293C-B7E5-423A-B9040441DA267A71</string><string>1EA1293C-B7E5-423A-B9040441DA267A71</string><string>45EA8C98-FA72-4CE6-A62092A67B6357B7</string><string>45EA8C98-FA72-4CE6-A62092A67B6357B7</string><string>45EA8C98-FA72-4CE6-A62092A67B6357B7</string></field><field name='contentHistID'><string>CC59ED5D-9FD7-4D3E-B22DCEBBD972F2BE</string><string>CC59ED5D-9FD7-4D3E-B22DCEBBD972F2BE</string><string>69951545-74B6-43AA-A2ED31234A988661</string><string>69951545-74B6-43AA-A2ED31234A988661</string><string>2BD983E1-AA11-4EF5-AAC2A6BC1ACC0D98</string><string>2BD983E1-AA11-4EF5-AAC2A6BC1ACC0D98</string><string>A616B099-E6B2-4D6D-A17E00472F6838D3</string><string>A616B099-E6B2-4D6D-A17E00472F6838D3</string><string>177CD8C5-A1F4-4490-BB3A585E398F986A</string><string>177CD8C5-A1F4-4490-BB3A585E398F986A</string><string>42406F25-1AA4-4D2B-918A93D6B8A4C3F5</string><string>42406F25-1AA4-4D2B-918A93D6B8A4C3F5</string><string>42406F25-1AA4-4D2B-918A93D6B8A4C3F5</string><string>42406F25-1AA4-4D2B-918A93D6B8A4C3F5</string><string>F054AF60-63D9-4704-AFF0C0E3850AB50F</string><string>F054AF60-63D9-4704-AFF0C0E3850AB50F</string><string>F054AF60-63D9-4704-AFF0C0E3850AB50F</string><string>7A8008F4-8823-40FA-B25581BF78A12F29</string><string>7A8008F4-8823-40FA-B25581BF78A12F29</string><string>C94A2884-71C3-4BEF-9A1BB7382BF2FB39</string><string>C94A2884-71C3-4BEF-9A1BB7382BF2FB39</string><string>C94A2884-71C3-4BEF-9A1BB7382BF2FB39</string></field><field name='siteID'><string>default</string><string>default</string><string>default</string><string>default</string><string>default</string><string>default</string><string>default</string><string>default</string><string>default</string><string>default</string><string>default</string><string>default</string><string>default</string><string>default</string><string>default</string><string>default</string><string>default</string><string>default</string><string>default</string><string>default</string><string>default</string><string>default</string></field><field name='tag'><string>school</string><string>kids</string><string>fun</string><string>kids</string><string>travel</string><string>fun</string><string>fun</string><string>travel</string><string>Concert</string><string>Music</string><string>Coworking</string><string>Synergy</string><string>Networking</string><string>Productivity</string><string>Nature</string><string>Landscape</string><string>Outdoors</string><string>Surfing</string><string>Outdoors</string><string>Nature</string><string>Outdoors</string><string>Trees</string></field><field name='taggroup'><string></string><string></string><string></string><string></string><string></string><string></string><string></string><string></string><string>News</string><string>News</string><string>News</string><string>News</string><string>News</string><string>News</string><string>News</string><string>News</string><string>News</string><string>News</string><string>News</string><string>News</string><string>News</string><string>News</string></field></recordset></data></wddxPacket>
