<wddxPacket version='1.0'><header/><data><recordset rowCount='22' fieldNames='CONTENTHISTID,OBJECTID,OBJECT,CONTENTID,NAME,ORDERNO,SITEID,COLUMNID,PARAMS' type='coldfusion.sql.QueryTable'><field name='CONTENTHISTID'><string>1793D356-B825-28B6-2B625B43D616A578</string><string>1793D356-B825-28B6-2B625B43D616A578</string><string>1793D356-B825-28B6-2B625B43D616A578</string><string>179B76A5-E279-A930-8156BB7321079A77</string><string>179F02E7-947C-039B-54379F70CA1F18CB</string><string>17D8FAC9-0B43-504B-DC3BB5B780C4A4B0</string><string>17D8FAC9-0B43-504B-DC3BB5B780C4A4B0</string><string>17D8FAC9-0B43-504B-DC3BB5B780C4A4B0</string><string>17D8FAC9-0B43-504B-DC3BB5B780C4A4B0</string><string>17DF6DD9-E439-86CC-C18CF6C9CFC68F68</string><string>17DD553B-EBAD-016E-5FEA731DE3878E92</string><string>17DD553B-EBAD-016E-5FEA731DE3878E92</string><string>17EBBCE8-A0BB-9112-A70014253C8B11C0</string><string>17EBBCE8-A0BB-9112-A70014253C8B11C0</string><string>17DBE98E-A87C-6607-4EA4182C110518CB</string><string>17DBE98E-A87C-6607-4EA4182C110518CB</string><string>17DBE98E-A87C-6607-4EA4182C110518CB</string><string>17DBE98E-A87C-6607-4EA4182C110518CB</string><string>17DBE98E-A87C-6607-4EA4182C110518CB</string><string>17DBE98E-A87C-6607-4EA4182C110518CB</string><string>17F1C07E-B6A4-DF43-753222B7BFFEA7BC</string><string>179DB613-B589-B102-09761D8A2F76C029</string></field><field name='OBJECTID'><string>69BED793-F298-9E83-A948A6E9C37FB378</string><string>69BED7B5-D627-C394-A4C191EED59AEA2C</string><string>69BEDB5C-9561-2ED3-D0B7B1DD9A9E52C6</string><string>69BED8D2-9E79-9840-EE9E5452A65F1CE6</string><string>69BEDA06-9C65-441A-2144E2A3D8EE93AB</string><string>69BEC0BE-D5AF-1580-733DCEDDFC7E58E3</string><string>69BEC0BE-D5AF-1580-733DCEDDFC7E58E3</string><string>69BEC0BE-D5AF-1580-733DCEDDFC7E58E3</string><string>69BED9DC-CDD4-42B7-E9C7CE0FD43E6616</string><string>69BEC14A-FA93-7959-2F8950D818231725</string><string>69BEC16B-96A3-0EF5-E310B43789F97C0B</string><string>69BEDB02-E6BA-ED07-3C8E43058250D268</string><string>69BED918-AE6E-D4BC-039BD262F18584A2</string><string>69BED92E-B276-B83D-A7388036AA5DBF2B</string><string>69BEC69D-CDE4-3823-C0950F495A65F114</string><string>69BEC69D-CDE4-3823-C0950F495A65F114</string><string>69BEC69D-CDE4-3823-C0950F495A65F114</string><string>69BEC69D-CDE4-3823-C0950F495A65F114</string><string>69BEDA79-92BC-336D-AE4F4FD60547A12F</string><string>69BEDA93-0A3F-1BFC-0442F8BAF975A7C6</string><string>69BEDAA8-E13B-08DB-3452A669D7FEFF68</string><string>69BEBECB-E083-E904-0A345EFD950FC676</string></field><field name='OBJECT'><string>component</string><string>component</string><string>collection</string><string>site_map</string><string>feed</string><string>archive_nav</string><string>calendar_nav</string><string>tag_cloud</string><string>comments</string><string>folder_nav</string><string>standard_nav</string><string>collection</string><string>standard_nav</string><string>user_tools</string><string>archive_nav</string><string>calendar_nav</string><string>category_summary</string><string>tag_cloud</string><string>category_summary</string><string>comments</string><string>dragable_feeds</string><string>form</string></field><field name='CONTENTID'><string>00000000000000000000000000000000001</string><string>00000000000000000000000000000000001</string><string>00000000000000000000000000000000001</string><string>69BEBD7E-A4A1-7518-AF8815491A52BFC8</string><string>69BEC076-F5AB-831C-B1D5BD21CFD2D088</string><string>69BEC0BE-D5AF-1580-733DCEDDFC7E58E3</string><string>69BEC0BE-D5AF-1580-733DCEDDFC7E58E3</string><string>69BEC0BE-D5AF-1580-733DCEDDFC7E58E3</string><string>69BEC0BE-D5AF-1580-733DCEDDFC7E58E3</string><string>69BEC14A-FA93-7959-2F8950D818231725</string><string>69BEC16B-96A3-0EF5-E310B43789F97C0B</string><string>69BEC16B-96A3-0EF5-E310B43789F97C0B</string><string>69BEC243-0350-76C0-DFEA55EEC2F6D4CE</string><string>69BEC243-0350-76C0-DFEA55EEC2F6D4CE</string><string>69BEC69D-CDE4-3823-C0950F495A65F114</string><string>69BEC69D-CDE4-3823-C0950F495A65F114</string><string>69BEC69D-CDE4-3823-C0950F495A65F114</string><string>69BEC69D-CDE4-3823-C0950F495A65F114</string><string>69BEC69D-CDE4-3823-C0950F495A65F114</string><string>69BEC69D-CDE4-3823-C0950F495A65F114</string><string>69BEC8CD-AC65-139A-DC9DE459147FAC0B</string><string>69BEC935-C479-51D9-707B51C7FB0988F9</string></field><field name='NAME'><string>component</string><string>component</string><string>collection</string><string>Site Map</string><string>Upcoming Events - Local Index</string><string>&lt;i class="mi-align-justify"&gt;&lt;/i&gt; Navigation</string><string>&lt;i class="mi-align-justify"&gt;&lt;/i&gt; Navigation</string><string>&lt;i class="mi-align-justify"&gt;&lt;/i&gt; Navigation</string><string>Comments</string><string>&lt;i class="mi-align-justify"&gt;&lt;/i&gt; Navigation</string><string>Navigation</string><string>Collection</string><string>Standard Navigation</string><string>User Tools</string><string>&lt;i class="mi-align-justify"&gt;&lt;/i&gt; Navigation</string><string>&lt;i class="mi-align-justify"&gt;&lt;/i&gt; Navigation</string><string>Navigation</string><string>Navigation</string><string>Category Summary</string><string>Comments</string><string>Dragable Feeds</string><string>&lt;i class="mi-toggle-on"&gt;&lt;/i&gt; Form</string></field><field name='ORDERNO'><number>1.0</number><number>2.0</number><number>1.0</number><number>1.0</number><number>1.0</number><number>2.0</number><number>1.0</number><number>3.0</number><number>1.0</number><number>1.0</number><number>1.0</number><number>1.0</number><number>1.0</number><number>2.0</number><number>2.0</number><number>1.0</number><number>2.0</number><number>3.0</number><number>1.0</number><number>1.0</number><number>1.0</number><number>1.0</number></field><field name='SITEID'><string>default</string><string>default</string><string>default</string><string>default</string><string>default</string><string>default</string><string>default</string><string>default</string><string>default</string><string>default</string><string>default</string><string>default</string><string>default</string><string>default</string><string>default</string><string>default</string><string>default</string><string>default</string><string>default</string><string>default</string><string>default</string><string>default</string></field><field name='COLUMNID'><number>1.0</number><number>1.0</number><number>2.0</number><number>2.0</number><number>3.0</number><number>3.0</number><number>3.0</number><number>3.0</number><number>2.0</number><number>1.0</number><number>1.0</number><number>3.0</number><number>1.0</number><number>1.0</number><number>1.0</number><number>1.0</number><number>3.0</number><number>3.0</number><number>3.0</number><number>2.0</number><number>2.0</number><number>3.0</number></field><field name='PARAMS'><string>{"inited":true,"css":"","objecticonclass":"mi-clone","objectname":"","render":"server","object":"component"}</string><string>{"inited":true,"css":"","objecticonclass":"mi-clone","objectname":"","render":"server","object":"component"}</string><string>{"css":"","viewalllink":"","objecticonclass":"mi-th-list","objectname":"","layout":"grid","render":"server","sourceid":"69BEDB5E-00BE-A9E9-A17919A5051C3E10","items":"","class":"home-news","object":"collection","sourcetype":"localindex","displaylist":"Image,Date,Title,Summary,Credits","viewalllabel":"","gridstyle":"mura-grid-three","inited":true,"nextn":20,"modalimages":false,"imagesize":"carouselimage","imagewidth":"AUTO","source":"69BEDB5E-00BE-A9E9-A17919A5051C3E10","label":"From Our Blog","imageheight":"AUTO","maxitems":3,"cssclass":"home-news"}</string><null/><string>{"displayName":1,"nextN":20,"imageSize":"small","imageWidth":"AUTO","viewalllink":"","imageHeight":"AUTO","maxItems":3,"cssclass":"","altName":"","viewalllabel":"","displayList":"Date,Title,Image,Summary,Credits,Tags"}</string><string>{"objecticonclass":"mi-cog","objectname":"&lt;i class=\"mi-align-justify\"&gt;&lt;/i&gt; Navigation","render":"server","object":"archive_nav"}</string><string>{"objecticonclass":"mi-cog","objectname":"&lt;i class=\"mi-align-justify\"&gt;&lt;/i&gt; Navigation","render":"server","object":"calendar_nav"}</string><string>{"inited":true,"css":"","objecticonclass":"mi-cog","objectname":"&lt;i class=\"mi-align-justify\"&gt;&lt;/i&gt; Navigation","taggroup":"","object":"tag_cloud"}</string><string>{"inited":true,"css":"","objecticonclass":"mi-cog","objectname":"Comments","render":"server","object":"comments"}</string><string>{"inited":true,"objectname":"&lt;i class=\"mi-align-justify\"&gt;&lt;/i&gt; Navigation","taggroup":"","class":"","object":"folder_nav","cssclass":""}</string><string>{"inited":true,"css":"","objecticonclass":"mi-align-justify","objectname":"Navigation","render":"server","taggroup":"","object":"standard_nav"}</string><string>{"css":"","viewalllink":"","objecticonclass":"mi-th-list","objectname":"Collection","layout":"default","render":"server","items":"","object":"collection","sourcetype":"remotefeed","displaylist":"Image,Date,Title,Summary,Credits,Tags","viewalllabel":"","inited":true,"nextn":20,"modalimages":false,"imagesize":"small","imagewidth":"AUTO","displaysummaries":1,"sortby":"","source":"69BEDB08-0B53-F3FA-B71F094110E8EE97","label":"","imageheight":"AUTO","maxitems":2}</string><null/><null/><string>{"objecticonclass":"mi-cog","objectname":"&lt;i class=\"mi-align-justify\"&gt;&lt;/i&gt; Navigation","render":"server","object":"archive_nav"}</string><string>{"objecticonclass":"mi-cog","objectname":"&lt;i class=\"mi-align-justify\"&gt;&lt;/i&gt; Navigation","render":"server","object":"calendar_nav"}</string><string>{"inited":true,"objecticonclass":"mi-align-justify","objectname":"Navigation","taggroup":"","class":"","object":"category_summary","cssclass":""}</string><string>{"inited":true,"objecticonclass":"mi-align-justify","objectname":"Navigation","taggroup":"News","class":"","object":"tag_cloud","cssclass":""}</string><string>{"inited":true,"css":"","objecticonclass":"mi-cog","objectname":"Category Summary","displayrss":false,"render":"server","taggroup":"","object":"category_summary"}</string><string>{"inited":true,"css":"","objecticonclass":"mi-cog","objectname":"Comments","render":"server","object":"comments"}</string><null/><string>{"inited":true,"objectname":"&lt;i class=\"mi-toggle-on\"&gt;&lt;/i&gt; Form","render":"client","label":"Contact Us","class":"","object":"form","cssclass":"","view":"form","name":"Information Request"}</string></field></recordset></data></wddxPacket>
