<wddxPacket version='1.0'><header/><data><recordset rowCount='34' fieldNames='CONTENTHISTID,OBJECTID,OBJECT,CONTENTID,NAME,ORDERNO,SITEID,COLUMNID,PARAMS' type='coldfusion.sql.QueryTable'><field name='CONTENTHISTID'><string>F0DE9D69-D5B3-3AFC-1F52A532F4E02BAE</string><string>F0DE9DC1-BF82-5E3A-668B94BD10A10D24</string><string>F0DEA28D-E7F4-B220-6433595C4827AC2C</string><string>F0DEA2B6-DD16-B5CE-0C38F949B755AEDB</string><string>F0DEA2B6-DD16-B5CE-0C38F949B755AEDB</string><string>F0DEA30F-D4D5-AE9E-3A16F67D6E10A3AD</string><string>F0DEAF57-F96E-648C-A81B67A3650C3431</string><string>F0DEAFA3-A607-7D63-AB64DD3A7BD813A7</string><string>F0DEAFC7-CA57-ED3D-33A8B730BFF8A3BB</string><string>F0DEAFC7-CA57-ED3D-33A8B730BFF8A3BB</string><string>F0DEAFC7-CA57-ED3D-33A8B730BFF8A3BB</string><string>F0DEAFC7-CA57-ED3D-33A8B730BFF8A3BB</string><string>F0DEB07A-F21D-7E01-5964409AD512C990</string><string>F0DEB180-BB10-FEDA-349BED3F99403EC1</string><string>F0DEB2C0-DDA5-C4C0-FD996B9F6426CE42</string><string>F0DEB331-A924-CD3D-68E772B31F76592B</string><string>F0DEB331-A924-CD3D-68E772B31F76592B</string><string>F0DEB331-A924-CD3D-68E772B31F76592B</string><string>F0DEB331-A924-CD3D-68E772B31F76592B</string><string>F0DEB331-A924-CD3D-68E772B31F76592B</string><string>F0DEB331-A924-CD3D-68E772B31F76592B</string><string>F0DEB599-E38E-ECE1-19ACF8CD9BCF579F</string><string>F0DEB689-C7A8-684B-4DEAB7014A1AFDB9</string><string>F0DEB6D1-CAB7-221D-94BA60A9E4B0B354</string><string>F0DEB789-ECFD-FCC8-95BAA43945E53AAB</string><string>F0DEB878-CC03-6C52-9474C67F2AB0E2A2</string><string>F0DEB892-D072-6EE6-445CCD86F10A9561</string><string>F0DEB892-D072-6EE6-445CCD86F10A9561</string><string>F0DEB97A-B43B-BE9C-A0FD4A2B094EB816</string><string>F0DEB9A9-9D37-2038-85EEECDE0B582250</string><string>F0DEBD21-0D5B-342A-EFEE6242FD905B8A</string><string>F0DEBD21-0D5B-342A-EFEE6242FD905B8A</string><string>F0DEBD21-0D5B-342A-EFEE6242FD905B8A</string><string>F23F0433-EF0A-7C2B-A5E24ADD9CD64069</string></field><field name='OBJECTID'><string>F0DEBFBC-EC44-01DC-C46039DE169EA1FC</string><string>F0DE9DC2-E354-23DC-7937400FAA20EA8B</string><string>F0DEBF69-0C11-A6D7-A3E5CAD0687A45BF</string><string>F0DEBE5A-0298-75C8-DB94B27CA6E5B8F8</string><string>F0DEBE69-012C-5752-22ABD7443D503EED</string><string>F0DEBE22-B038-740F-996879949DDFC994</string><string>F0DEBEFE-A80A-2C32-BB64C990919544EA</string><string>F0DEBFF2-9B92-CF6A-ECF38ADC64AB3094</string><string>F0DEA03C-E064-53E9-FF19A030C10233C2</string><string>F0DEA03C-E064-53E9-FF19A030C10233C2</string><string>F0DEA03C-E064-53E9-FF19A030C10233C2</string><string>F0DEBF23-E693-A285-493720F099B56EB1</string><string>F0DEBE8A-C557-B027-EE64A154F701C8DE</string><string>F0DEBFA8-D731-945F-4A98F8ABF1C4C8F6</string><string>F0DEBEED-E5AB-FBFC-2C0E7BAAC17C373A</string><string>F0DEB332-F5A1-E93C-A9843B27113BA606</string><string>F0DEB332-F5A1-E93C-A9843B27113BA606</string><string>F0DEB332-F5A1-E93C-A9843B27113BA606</string><string>F0DEB332-F5A1-E93C-A9843B27113BA606</string><string>F0DEBDD4-0AB5-B38C-1928A15BDFE46043</string><string>F0DEBDE6-A146-BA2D-B13640C6FB9463F3</string><string>F0DEBFE4-D3A7-8DA6-64BA2AB4DE75EE6E</string><string>F0DEBE0E-0661-AAC8-52737BBA1B5238F3</string><string>F0DEBE9A-9A5B-C18B-CDB0CA417F9ED4A6</string><string>F0DEA136-BF59-5B27-6ABFC081C2DFFBB5</string><string>F0DEBE78-951F-5051-F1991156A9A906FA</string><string>F0DEA2CD-C0E4-8070-3D9A3A1D45E14933</string><string>F0DEBF7B-BAF0-9B6B-965295005ED8194D</string><string>F0DEC001-F118-8C11-4A492DDA4A2A1696</string><string>F0DEBF12-FFD8-29D4-5C63D9162448B4FD</string><string>F0DEBBF2-E89E-69F1-87ED9E621BD364CA</string><string>F0DEBC13-E88C-F7A5-7F7DC6DEDE94E8EC</string><string>F0DEBEBE-017D-5056-D426FD673701D6C8</string><string>F0DE9E8D-D15E-9569-79122652210EF4DC</string></field><field name='OBJECT'><string>site_map</string><string>sub_nav</string><string>sub_nav</string><string>standard_nav</string><string>user_tools</string><string>collection</string><string>user_tools</string><string>seq_nav</string><string>archive_nav</string><string>calendar_nav</string><string>tag_cloud</string><string>comments</string><string>multilevel_nav</string><string>feed</string><string>peer_nav</string><string>archive_nav</string><string>calendar_nav</string><string>category_summary</string><string>tag_cloud</string><string>category_summary</string><string>comments</string><string>dragable_feeds</string><string>standard_nav</string><string>folder_nav</string><string>folder_nav</string><string>tag_cloud</string><string>standard_nav</string><string>collection</string><string>comments</string><string>event_reminder_form</string><string>component</string><string>component</string><string>collection</string><string>form</string></field><field name='CONTENTID'><string>F0DE9D6A-FD4F-BE66-F2BC140A86F0AE3F</string><string>F0DE9DC2-E354-23DC-7937400FAA20EA8B</string><string>F0DEA1F0-9CBE-D5E8-1711840BC86DB607</string><string>F0DEA2B8-F97E-08F9-87D8DCD3387172FA</string><string>F0DEA2B8-F97E-08F9-87D8DCD3387172FA</string><string>F0DEA310-A46A-C1F8-C90D238E8271E98B</string><string>F0DEAF59-F0E2-CD2A-7A750683A3DE8231</string><string>F0DEAFA4-DE5A-412F-EE512403ACC70B68</string><string>F0DEA03C-E064-53E9-FF19A030C10233C2</string><string>F0DEA03C-E064-53E9-FF19A030C10233C2</string><string>F0DEA03C-E064-53E9-FF19A030C10233C2</string><string>F0DEA03C-E064-53E9-FF19A030C10233C2</string><string>F0DEB07D-9DEA-5C64-1D4063CDD9D68841</string><string>F0DEA00C-B023-A745-0431B3C6E6E912AD</string><string>F0DEB2C2-D5E2-D459-ED86FDE1E0FBE017</string><string>F0DEB332-F5A1-E93C-A9843B27113BA606</string><string>F0DEB332-F5A1-E93C-A9843B27113BA606</string><string>F0DEB332-F5A1-E93C-A9843B27113BA606</string><string>F0DEB332-F5A1-E93C-A9843B27113BA606</string><string>F0DEB332-F5A1-E93C-A9843B27113BA606</string><string>F0DEB332-F5A1-E93C-A9843B27113BA606</string><string>F0DEB59A-F32D-0029-A3739EF12E81E27D</string><string>F0DEB369-E42B-9C70-E13A4DA5A05FAFAB</string><string>F0DEB6D2-C91F-A595-36070E2021CF072F</string><string>F0DEA136-BF59-5B27-6ABFC081C2DFFBB5</string><string>F0DEB87A-EDC3-1371-C360B96A3472FE7E</string><string>F0DEA2CD-C0E4-8070-3D9A3A1D45E14933</string><string>F0DEA2CD-C0E4-8070-3D9A3A1D45E14933</string><string>F0DEB97C-9995-702B-DA4701EB0C90E23A</string><string>F0DEB9AB-AC2D-8AF9-BCEA03AE93D9EE43</string><string>00000000000000000000000000000000001</string><string>00000000000000000000000000000000001</string><string>00000000000000000000000000000000001</string><string>F0DEB667-93F2-449B-DD16A4D354D69974</string></field><field name='NAME'><string>Site Map</string><string>&lt;i class="mi-align-justify"&gt;&lt;/i&gt; Navigation</string><string>Sub Navigation</string><string>Standard Navigation</string><string>User Tools</string><string>&lt;i class="mi-th-list"&gt;&lt;/i&gt; Collection</string><string>&lt;i class="mi-cog"&gt;&lt;/i&gt; System</string><string>Sequential Nav</string><string>&lt;i class="mi-align-justify"&gt;&lt;/i&gt; Navigation</string><string>&lt;i class="mi-align-justify"&gt;&lt;/i&gt; Navigation</string><string>&lt;i class="mi-align-justify"&gt;&lt;/i&gt; Navigation</string><string>Comments</string><string>Multi-Level Navigation</string><string>Upcoming Events - Local Index</string><string>Peer Navigation</string><string>&lt;i class="mi-align-justify"&gt;&lt;/i&gt; Navigation</string><string>&lt;i class="mi-align-justify"&gt;&lt;/i&gt; Navigation</string><string>Navigation</string><string>Navigation</string><string>Category Summary</string><string>Comments</string><string>Dragable Feeds</string><string>Standard Navigation</string><string>Folder Navigation</string><string>&lt;i class="mi-align-justify"&gt;&lt;/i&gt; Navigation</string><string>Tag Group</string><string>Navigation</string><string>Collection</string><string>&lt;i class="mi-cog"&gt;&lt;/i&gt; System</string><string>Event Reminder Form</string><string>component</string><string>component</string><string>collection</string><string>&lt;i class="mi-toggle-on"&gt;&lt;/i&gt; Form</string></field><field name='ORDERNO'><number>1.0</number><number>1.0</number><number>1.0</number><number>1.0</number><number>2.0</number><number>1.0</number><number>1.0</number><number>1.0</number><number>2.0</number><number>1.0</number><number>3.0</number><number>1.0</number><number>1.0</number><number>1.0</number><number>1.0</number><number>2.0</number><number>1.0</number><number>2.0</number><number>3.0</number><number>1.0</number><number>1.0</number><number>1.0</number><number>1.0</number><number>1.0</number><number>1.0</number><number>1.0</number><number>1.0</number><number>1.0</number><number>1.0</number><number>1.0</number><number>1.0</number><number>2.0</number><number>1.0</number><number>1.0</number></field><field name='SITEID'><string>default</string><string>default</string><string>default</string><string>default</string><string>default</string><string>default</string><string>default</string><string>default</string><string>default</string><string>default</string><string>default</string><string>default</string><string>default</string><string>default</string><string>default</string><string>default</string><string>default</string><string>default</string><string>default</string><string>default</string><string>default</string><string>default</string><string>default</string><string>default</string><string>default</string><string>default</string><string>default</string><string>default</string><string>default</string><string>default</string><string>default</string><string>default</string><string>default</string><string>default</string></field><field name='COLUMNID'><number>2.0</number><number>1.0</number><number>1.0</number><number>1.0</number><number>1.0</number><number>2.0</number><number>2.0</number><number>2.0</number><number>3.0</number><number>3.0</number><number>3.0</number><number>2.0</number><number>1.0</number><number>3.0</number><number>1.0</number><number>1.0</number><number>1.0</number><number>3.0</number><number>3.0</number><number>3.0</number><number>2.0</number><number>2.0</number><number>1.0</number><number>1.0</number><number>1.0</number><number>2.0</number><number>1.0</number><number>3.0</number><number>2.0</number><number>2.0</number><number>1.0</number><number>1.0</number><number>2.0</number><number>3.0</number></field><field name='PARAMS'><null/><string>{"inited":true,"objectname":"&lt;i class=\"mi-align-justify\"&gt;&lt;/i&gt; Navigation","taggroup":"","class":"","object":"sub_nav","cssclass":""}</string><null/><null/><null/><string>{"viewalllink":"","objectname":"&lt;i class=\"mi-th-list\"&gt;&lt;/i&gt; Collection","layout":"default","class":"","object":"collection","sourcetype":"relatedcontent","displaylist":"Date,Title,Summary,Credits,Tags","viewalllabel":"","inited":true,"nextn":20,"modalimages":false,"imagesize":"small","imagewidth":"AUTO","source":"00000000000000000000000000000000000","label":"","imageheight":"AUTO","maxitems":4,"cssclass":""}</string><string>{"inited":true,"objectname":"&lt;i class=\"mi-cog\"&gt;&lt;/i&gt; System","class":"","object":"user_tools","cssclass":""}</string><null/><string>{"objecticonclass":"mi-cog","objectname":"&lt;i class=\"mi-align-justify\"&gt;&lt;/i&gt; Navigation","render":"server","object":"archive_nav"}</string><string>{"objecticonclass":"mi-cog","objectname":"&lt;i class=\"mi-align-justify\"&gt;&lt;/i&gt; Navigation","render":"server","object":"calendar_nav"}</string><string>{"inited":true,"css":"","objecticonclass":"mi-cog","objectname":"&lt;i class=\"mi-align-justify\"&gt;&lt;/i&gt; Navigation","taggroup":"","object":"tag_cloud"}</string><string>{"inited":true,"css":"","objecticonclass":"mi-cog","objectname":"Comments","render":"server","object":"comments"}</string><null/><string>{"displayName":1,"nextN":20,"imageSize":"small","imageWidth":"AUTO","viewalllink":"","imageHeight":"AUTO","maxItems":3,"cssclass":"","altName":"","viewalllabel":"","displayList":"Date,Title,Image,Summary,Credits,Tags"}</string><null/><string>{"objecticonclass":"mi-cog","objectname":"&lt;i class=\"mi-align-justify\"&gt;&lt;/i&gt; Navigation","render":"server","object":"archive_nav"}</string><string>{"objecticonclass":"mi-cog","objectname":"&lt;i class=\"mi-align-justify\"&gt;&lt;/i&gt; Navigation","render":"server","object":"calendar_nav"}</string><string>{"inited":true,"objecticonclass":"mi-align-justify","objectname":"Navigation","taggroup":"","class":"","object":"category_summary","cssclass":""}</string><string>{"inited":true,"objecticonclass":"mi-align-justify","objectname":"Navigation","taggroup":"News","class":"","object":"tag_cloud","cssclass":""}</string><string>{"inited":true,"css":"","objecticonclass":"mi-cog","objectname":"Category Summary","displayrss":false,"render":"server","taggroup":"","object":"category_summary"}</string><string>{"inited":true,"css":"","objecticonclass":"mi-cog","objectname":"Comments","render":"server","object":"comments"}</string><null/><null/><null/><string>{"inited":true,"objectname":"&lt;i class=\"mi-align-justify\"&gt;&lt;/i&gt; Navigation","taggroup":"","class":"","object":"folder_nav","cssclass":""}</string><string>{"taggroup":""}</string><string>{"inited":true,"css":"","objecticonclass":"mi-align-justify","objectname":"Navigation","render":"server","taggroup":"","object":"standard_nav"}</string><string>{"css":"","viewalllink":"","objecticonclass":"mi-th-list","objectname":"Collection","layout":"default","render":"server","items":"","object":"collection","sourcetype":"remotefeed","displaylist":"Image,Date,Title,Summary,Credits,Tags","viewalllabel":"","inited":true,"nextn":20,"modalimages":false,"imagesize":"small","imagewidth":"AUTO","displaysummaries":1,"sortby":"","source":"F0DEBF81-EBC3-27F4-F09F10563ACE8F89","label":"","imageheight":"AUTO","maxitems":2}</string><string>{"inited":true,"objectname":"&lt;i class=\"mi-cog\"&gt;&lt;/i&gt; System","class":"","object":"comments","cssclass":""}</string><null/><string>{"inited":true,"css":"","objecticonclass":"mi-clone","objectname":"","render":"server","object":"component"}</string><string>{"inited":true,"css":"","objecticonclass":"mi-clone","objectname":"","render":"server","object":"component"}</string><string>{"css":"","viewalllink":"","objecticonclass":"mi-th-list","objectname":"","layout":"grid","render":"server","sourceid":"F0DEBEC1-AD95-3767-71B274D1A3968CD7","items":"","class":"home-news","object":"collection","sourcetype":"localindex","displaylist":"Image,Date,Title,Summary,Credits","viewalllabel":"","gridstyle":"mura-grid-three","inited":true,"nextn":20,"modalimages":false,"imagesize":"carouselimage","imagewidth":"AUTO","source":"F0DEBEC1-AD95-3767-71B274D1A3968CD7","label":"From Our Blog","imageheight":"AUTO","maxitems":3,"cssclass":"home-news"}</string><string>{"inited":true,"objectname":"&lt;i class=\"mi-toggle-on\"&gt;&lt;/i&gt; Form","render":"client","label":"Contact Us","class":"","object":"form","cssclass":"","view":"form","name":"Information Request"}</string></field></recordset></data></wddxPacket>
