<wddxPacket version='1.0'><header/><data><recordset rowCount='2' fieldNames='SITEID,ACTIONTYPE,COMMENTS,USERID,GROUPID,CREATED,ACTIONTID,REQUESTID,PARENTID,CHAINID' type='coldfusion.sql.QueryTable'><field name='SITEID'><string>default</string><string>default</string></field><field name='ACTIONTYPE'><string>Approval</string><string>Approval</string></field><field name='COMMENTS'><null/><null/></field><field name='USERID'><string>6823FD59-9485-4B1F-B2FD7EC5B449C96E</string><string>52C12A69-B4BD-4597-808678E2B28BC8AA</string></field><field name='GROUPID'><string>223DAACF-0BB1-428B-928629A2877793AA</string><string>F4C9CD4C-DC7B-40CE-92D2C3B516482FFA</string></field><field name='CREATED'><dateTime>2017-01-17T20:43:26+00:00</dateTime><dateTime>2017-01-17T20:41:56+00:00</dateTime></field><field name='ACTIONTID'><string>F0DD1842-9A86-6673-B0D48B537BDE3F7B</string><string>F0DD1E40-EC98-0B09-05F4C3DB9DA03158</string></field><field name='REQUESTID'><string>52F7B52F-4149-4D5F-9753830E4E394D79</string><string>52F7B52F-4149-4D5F-9753830E4E394D79</string></field><field name='PARENTID'><null/><null/></field><field name='CHAINID'><string>466FBF5B-1885-4689-B1E3A6B9549ECB48</string><string>466FBF5B-1885-4689-B1E3A6B9549ECB48</string></field></recordset></data></wddxPacket>
