<wddxPacket version='1.0'><header/><data><recordset rowCount='0' fieldNames='PLUGINID,MODULEID,NAME,CREATED,PROVIDER,PROVIDERURL,CATEGORY,VERSION,DEPLOYED,PACKAGE,DIRECTORY,LOADPRIORITY' type='coldfusion.sql.QueryTable'><field name='pluginID'></field><field name='moduleID'></field><field name='name'></field><field name='created'></field><field name='provider'></field><field name='providerURL'></field><field name='category'></field><field name='version'></field><field name='deployed'></field><field name='package'></field><field name='directory'></field><field name='loadPriority'></field></recordset></data></wddxPacket>
