<wddxPacket version='1.0'><header/><data><recordset rowCount='2' fieldNames='PARAMID,FEEDID,PARAM,RELATIONSHIP,FIELD,CONDITION,CRITERIA,DATATYPE' type='coldfusion.sql.QueryTable'><field name='PARAMID'><string>69BEE1DB-0617-F8F7-1CC3A75EDFF80867</string><string>69BEE1FA-E4A7-F8D8-171B56FDD5BA18E9</string></field><field name='FEEDID'><string>69BEDB5E-00BE-A9E9-A17919A5051C3E10</string><string>69BEE13D-B78C-C25E-A211735F63DF6AEC</string></field><field name='PARAM'><number>1.0</number><number>1.0</number></field><field name='RELATIONSHIP'><string>and</string><string>and</string></field><field name='FIELD'><null/><null/></field><field name='CONDITION'><string>Equals</string><string>Equals</string></field><field name='CRITERIA'><null/><null/></field><field name='DATATYPE'><string>varchar</string><string>varchar</string></field></recordset></data></wddxPacket>
