<wddxPacket version='1.0'><header/><data><recordset rowCount='2' fieldNames='CONTENTHISTID,RELATEDID,CONTENTID,SITEID,RELATEDCONTENTSETID,ORDERNO,RELATEDCONTENTID' type='coldfusion.sql.QueryTable'><field name='CONTENTHISTID'><string>179F02E7-947C-039B-54379F70CA1F18CB</string><string>17DD553B-EBAD-016E-5FEA731DE3878E92</string></field><field name='RELATEDID'><string>69BEC16B-96A3-0EF5-E310B43789F97C0B</string><string>69BEC1F8-ED29-631A-BEB0FD1200B05D8E</string></field><field name='CONTENTID'><string>69BEC076-F5AB-831C-B1D5BD21CFD2D088</string><string>69BEC16B-96A3-0EF5-E310B43789F97C0B</string></field><field name='SITEID'><string>default</string><string>default</string></field><field name='RELATEDCONTENTSETID'><string>00000000000000000000000000000000000</string><string>00000000000000000000000000000000000</string></field><field name='ORDERNO'><number>1.0</number><number>1.0</number></field><field name='RELATEDCONTENTID'><number>2007.0</number><number>2008.0</number></field></recordset></data></wddxPacket>
