<wddxPacket version='1.0'><header/><data><recordset rowCount='1' fieldNames='CREATED,LASTUPDATEBYID,LASTUPDATE,CHAINID,NAME,LASTUPDATEBY,SITEID,DESCRIPTION' type='coldfusion.sql.QueryTable'><field name='created'><dateTime>2017-1-17T20:19:51+0:0</dateTime></field><field name='lastupdatebyid'><string>05A701F0-133B-4AB6-9834025E2A947015</string></field><field name='lastupdate'><dateTime>2017-10-5T23:9:1+0:0</dateTime></field><field name='chainID'><string>6ADED61B-545F-4352-97DD8948DF057E45</string></field><field name='name'><string>Default Approval Chain</string></field><field name='lastupdateby'><string>Admin User</string></field><field name='siteID'><string>default</string></field><field name='description'><string></string></field></recordset></data></wddxPacket>
