<wddxPacket version='1.0'><header/><data><recordset rowCount='9' fieldNames='CONTENTHISTID,CATEGORYID,CONTENTID,ISFEATURE,ORDERNO,SITEID,FEATURESTART,FEATURESTOP' type='coldfusion.sql.QueryTable'><field name='contentHistID'><string>177CD8C5-A1F4-4490-BB3A585E398F986A</string><string>42406F25-1AA4-4D2B-918A93D6B8A4C3F5</string><string>7A8008F4-8823-40FA-B25581BF78A12F29</string><string>7A8008F4-8823-40FA-B25581BF78A12F29</string><string>C94A2884-71C3-4BEF-9A1BB7382BF2FB39</string><string>C94A2884-71C3-4BEF-9A1BB7382BF2FB39</string><string>C94A2884-71C3-4BEF-9A1BB7382BF2FB39</string><string>F054AF60-63D9-4704-AFF0C0E3850AB50F</string><string>F054AF60-63D9-4704-AFF0C0E3850AB50F</string></field><field name='categoryID'><string>93F86661-1B54-406A-BF858635A13D6138</string><string>3ECC2E57-32B9-4D2B-B58EE236ED60C1C0</string><string>93F86661-1B54-406A-BF858635A13D6138</string><string>F308E7D8-313F-4C29-A47CCBCFCBE0B674</string><string>932706C3-7067-4D2F-84651CD05D246120</string><string>93F86661-1B54-406A-BF858635A13D6138</string><string>B24639B0-E5B6-4A6A-ABF2DCEB749A2967</string><string>932706C3-7067-4D2F-84651CD05D246120</string><string>93F86661-1B54-406A-BF858635A13D6138</string></field><field name='contentID'><string>6C0A0D1F-E3E8-4096-AF85D1B481E86320</string><string>97923A48-8C09-415E-B8F416BFA54EAAD9</string><string>1EA1293C-B7E5-423A-B9040441DA267A71</string><string>1EA1293C-B7E5-423A-B9040441DA267A71</string><string>45EA8C98-FA72-4CE6-A62092A67B6357B7</string><string>45EA8C98-FA72-4CE6-A62092A67B6357B7</string><string>45EA8C98-FA72-4CE6-A62092A67B6357B7</string><string>8CC1835A-F0D9-40BF-88D6FD25C7F24E35</string><string>8CC1835A-F0D9-40BF-88D6FD25C7F24E35</string></field><field name='isFeature'><number>0.0</number><number>0.0</number><number>0.0</number><number>0.0</number><number>0.0</number><number>0.0</number><number>0.0</number><number>0.0</number><number>0.0</number></field><field name='orderno'><number>0.0</number><number>0.0</number><number>0.0</number><number>0.0</number><number>0.0</number><number>0.0</number><number>0.0</number><number>0.0</number><number>0.0</number></field><field name='siteID'><string>default</string><string>default</string><string>default</string><string>default</string><string>default</string><string>default</string><string>default</string><string>default</string><string>default</string></field><field name='featureStart'><string></string><string></string><string></string><string></string><string></string><string></string><string></string><string></string><string></string></field><field name='featureStop'><string></string><string></string><string></string><string></string><string></string><string></string><string></string><string></string><string></string></field></recordset></data></wddxPacket>
