<wddxPacket version='1.0'><header/><data><recordset rowCount='200' fieldNames='SITEID,ARCHIVEID,CONTENTID,FILENAME' type='coldfusion.sql.QueryTable'><field name='SITEID'><string>default</string><string>default</string><string>default</string><string>default</string><string>default</string><string>default</string><string>default</string><string>default</string><string>default</string><string>default</string><string>default</string><string>default</string><string>default</string><string>default</string><string>default</string><string>default</string><string>default</string><string>default</string><string>default</string><string>default</string><string>default</string><string>default</string><string>default</string><string>default</string><string>default</string><string>default</string><string>default</string><string>default</string><string>default</string><string>default</string><string>default</string><string>default</string><string>default</string><string>default</string><string>default</string><string>default</string><string>default</string><string>default</string><string>default</string><string>default</string><string>default</string><string>default</string><string>default</string><string>default</string><string>default</string><string>default</string><string>default</string><string>default</string><string>default</string><string>default</string><string>default</string><string>default</string><string>default</string><string>default</string><string>default</string><string>default</string><string>default</string><string>default</string><string>default</string><string>default</string><string>default</string><string>default</string><string>default</string><string>default</string><string>default</string><string>default</string><string>default</string><string>default</string><string>default</string><string>default</string><string>default</string><string>default</string><string>default</string><string>default</string><string>default</string><string>default</string><string>default</string><string>default</string><string>default</string><string>default</string><string>default</string><string>default</string><string>default</string><string>default</string><string>default</string><string>default</string><string>default</string><string>default</string><string>default</string><string>default</string><string>default</string><string>default</string><string>default</string><string>default</string><string>default</string><string>default</string><string>default</string><string>default</string><string>default</string><string>default</string><string>default</string><string>default</string><string>default</string><string>default</string><string>default</string><string>default</string><string>default</string><string>default</string><string>default</string><string>default</string><string>default</string><string>default</string><string>default</string><string>default</string><string>default</string><string>default</string><string>default</string><string>default</string><string>default</string><string>default</string><string>default</string><string>default</string><string>default</string><string>default</string><string>default</string><string>default</string><string>default</string><string>default</string><string>default</string><string>default</string><string>default</string><string>default</string><string>default</string><string>default</string><string>default</string><string>default</string><string>default</string><string>default</string><string>default</string><string>default</string><string>default</string><string>default</string><string>default</string><string>default</string><string>default</string><string>default</string><string>default</string><string>default</string><string>default</string><string>default</string><string>default</string><string>default</string><string>default</string><string>default</string><string>default</string><string>default</string><string>default</string><string>default</string><string>default</string><string>default</string><string>default</string><string>default</string><string>default</string><string>default</string><string>default</string><string>default</string><string>default</string><string>default</string><string>default</string><string>default</string><string>default</string><string>default</string><string>default</string><string>default</string><string>default</string><string>default</string><string>default</string><string>default</string><string>default</string><string>default</string><string>default</string><string>default</string><string>default</string><string>default</string><string>default</string><string>default</string><string>default</string><string>default</string><string>default</string><string>default</string><string>default</string><string>default</string><string>default</string><string>default</string><string>default</string><string>default</string><string>default</string><string>default</string><string>default</string><string>default</string></field><field name='ARCHIVEID'><string>1793E7FD-F838-03F5-1A36F4A52EEE69F1</string><string>17AD6E85-E79C-1C19-9EE95A3629F0B80B</string><string>17B3C07F-A402-2A73-AB947BB58914FBF2</string><string>17BA8CEB-EF4E-A6B0-161B05CAC69AF289</string><string>17BCEB30-CC28-C1E1-299AD7622A5844F4</string><string>17C289AD-C8EB-7DE3-E756F0671B36E65C</string><string>17CBE837-AB86-0967-D36DB6BBC69ADC66</string><string>17E56BB0-BF3C-2A42-01117ED23FEE84C4</string><string>17E6DF21-DC8B-CA68-7090B131B52C229A</string><string>17EF9247-B46E-4148-AF839FE138208061</string><string>180F4416-F697-0A38-C52D4DAB1834ECC7</string><string>182ABADE-0E53-1344-67F99FF4DA48A2A7</string><string>182F5CF4-DBA2-E918-DB10FA8730486B87</string><string>69BD6422-C49F-2747-1C03448440FDC7AB</string><string>69BD6892-9CB0-EBC7-E8D2A7A136321A12</string><string>69BD6A75-AB1B-222D-2BF5F0379EA208BC</string><string>69BD6D6E-AAD0-41C6-86452967A6854185</string><string>69BD6F23-0A1B-8D7A-A1E46054B1CB1DF4</string><string>69BD70E7-F15E-43F1-A8C7E51F7B6E5B5C</string><string>69BD7266-9559-7BFC-135083B5E4446788</string><string>69BD73E6-D047-09B2-2246AF80F62D5109</string><string>69BD759E-A416-00F1-C825A2E7A5C87A5A</string><string>69BD7745-9D99-9565-F6B865CF9BA0FB6C</string><string>69BD79B6-98B0-EBDC-5F299F2F4EE62A5D</string><string>69BD7B32-DB05-CB72-A2FDD4F71EC36F1C</string><string>69BD7D80-DC80-377F-AF438F815CF803B5</string><string>69BD7F26-A5B9-4F5A-EADCB5A58345C10A</string><string>69BD80B2-BDB5-A2AE-1CAC050FFC12C0C2</string><string>69BD8297-C799-2340-25808B1D15C8E01D</string><string>69BD8467-BE9C-A688-D912C9B6CA5B71D4</string><string>69BD85EA-C3EF-C47C-DA501A7C99FD3B7D</string><string>69BD8787-CA6F-1886-76D9DABB038DB408</string><string>69BD8905-D77F-E8D2-6D9F99E1629E2584</string><string>69BD8A97-E43C-87A2-414FB839FE59689F</string><string>69BD8C19-B6EA-5BD8-87C644F3683D605D</string><string>69BD8E53-C79E-5AE7-C5B61CE5E0DC4A31</string><string>69BD8FF9-DFF6-AE09-19CCE6F77FBEA7F6</string><string>69BD9184-A88B-695B-F8B8E120C4A26AEC</string><string>69BD92F6-E389-4BD2-B49D2D1560DD3784</string><string>69BD949B-9B9C-4A6C-5707CC81BC65CF91</string><string>69BD9624-BAA3-F892-FB9E53695721EBFD</string><string>69BD97DA-FFF7-9C6F-D542A8B99F2995D1</string><string>69BD9957-B2DB-343C-FD66364BAC13574A</string><string>69BD9AE6-C0EC-00C6-591B952590AE15E2</string><string>69BD9C81-EFF0-9CFB-320AB528F2CB8255</string><string>69BD9E3D-F07A-07D3-E00C1E0D7E1EF747</string><string>69BDA00F-EC7B-DB2E-6C3D7AF888364619</string><string>69BDA268-C300-F746-D43347335AEB6B73</string><string>69BDA452-011D-7B6B-FFD0D3B6F460F12E</string><string>69BDA62D-E5CB-46C4-1D9E907FCC4DA1FD</string><string>69BDA81A-D932-846E-B561CAD3224D5462</string><string>69BDA9EE-FC89-3525-75BE82D258796508</string><string>69BDABC0-B2AC-D32B-7AC82C4347A44292</string><string>69BDAD85-B2E0-96D0-55021573660F444B</string><string>69BDAF51-9285-74ED-40214826BEA8B949</string><string>69BDB108-B389-761C-AA7B98C480EEB808</string><string>69BDB2B1-C45F-BA49-28BDC8212A2F3DEE</string><string>69BDB462-9094-FCE7-A70CF64973008AAD</string><string>69BDB626-DA21-CF2C-6DC74D273C4F4750</string><string>69BDB7E1-B39B-C4CE-F8021F59A8639C69</string><string>69BDB99A-F06E-5B6F-AE99AC8D124D729A</string><string>69BDBD91-CB60-290A-B06DABF329E28242</string><string>69BDBF46-E858-3FD9-23D7D1803B0C4068</string><string>69BDC112-033D-3A93-0A89B0B1D3A5FEF6</string><string>69BDC346-DE4F-202C-6E195C8214335EF8</string><string>69BDC4EC-09D7-2854-B8C2FD7BAC2384FF</string><string>69BDC69A-04BB-896F-8C9EDF02AB69191A</string><string>69BDC866-ADAB-CFBB-8C433287DA28E071</string><string>69BDCA6A-FE70-9312-2ED43FE53796482B</string><string>69BDCBFC-9339-A9C3-944F56EF6ECC75E7</string><string>69BDCD8D-A948-0E7D-A5101BE7A5F781E4</string><string>69BDCF41-CE47-F87B-5D0CD0229CBB8541</string><string>69BDD0D5-D41A-CB1D-582376E8235826D9</string><string>69BDD263-BAD4-CAD0-80A301CF8601CE02</string><string>69BDD3DC-FD3C-95C3-F316C3D7EBD1AE00</string><string>69BDD5C2-F8ED-95EA-1425EEEEBEEC0648</string><string>69BDD748-DE57-C3B6-649DE079D3216C3A</string><string>69BDD8C8-01DD-88E3-A1E123F914D387D8</string><string>69BDDA45-F998-949F-9AE2486C645CEE35</string><string>69BDDBC0-ADCD-FBEA-2C22CB48387C10CD</string><string>69BDDD4C-D556-E182-7A36919FBD28C503</string><string>69BDDED6-A61E-D103-6105CCF0DABCCC44</string><string>69BDE112-F02D-77A6-0098785EA355FBB9</string><string>69BDE2D1-C416-D415-BBADAB683DE1313F</string><string>69BDE492-975B-5912-F76EE46E4D3DA84D</string><string>69BDE657-EF0F-76D2-3797907FE801EA19</string><string>69BDE82A-F7A5-ACD8-FAC76971B4E17574</string><string>69BDE9F0-D714-2C86-FC6A417413B9A58C</string><string>69BDEBCB-EC1E-9F12-968D1AFCED697DFB</string><string>69BDEDA5-E1CC-A3CB-1D0E1A5AD0C7429B</string><string>69BDEFBB-AB07-CE3A-0B3D283E00DC2856</string><string>69BDF171-0965-97EE-5ECD50A4EE43D0A8</string><string>69BDF326-A7AB-64B2-9578A11B4AB31543</string><string>69BDF4C8-B19A-A797-D70159C704DC017A</string><string>69BDF671-CEC8-3802-F99200C58F6D9412</string><string>69BDF891-C5C5-898B-0C822D7640B14D87</string><string>69BDFA3F-0F6B-0DB5-48F6B8CE7751577E</string><string>69BDFBE2-9FE7-2911-8434B4F22149EDC1</string><string>69BDFD97-B686-85E9-FE761DF34BAA9DE1</string><string>69BDFF50-F6A5-567F-98F6A8C4C36E5405</string><string>69BE012B-D87B-A099-48FBA309A33AA222</string><string>69BE02D9-B2D7-AE48-8A1931B5B2E544ED</string><string>69BE048F-E53B-0C90-ECD4D03ED7CE0F17</string><string>69BE063B-0459-AB79-D7F942EDCF164CE7</string><string>69BE07EE-FB54-8ED1-DE256310B7D7187E</string><string>69BE09B3-C3CF-FCEE-30388D2855DFEE1A</string><string>69BE0BC2-9AA1-985C-17E585D2766B6AB4</string><string>69BE0D7A-AB6C-70ED-E7F496AEF48E5C01</string><string>69BE0F25-F699-D721-BE33BF3084A80549</string><string>69BE1149-EE6B-A8FE-9DB08AC903B4E97F</string><string>69BE136C-EC49-26CE-1E871AD89B2C6D93</string><string>69BE1522-B0F5-6BEC-1B6D8B2EEB3087B5</string><string>69BE16DB-F66B-8E0B-A991703E3DCFF35B</string><string>69BE1883-D2A4-674E-B923CD55147BEA0C</string><string>69BE1A62-CBD6-0720-483A210B8930C669</string><string>69BE1C23-F4C3-C26E-56932CCE46068798</string><string>69BE1E35-0F63-F27D-F9C4CE58EA1E9E6B</string><string>69BE1FD9-9396-15A9-8B3F434FC6CCC433</string><string>69BE2186-9ED1-BBEF-5AD38896FAE27376</string><string>69BE2334-CF35-66E9-B1E7CAD3E1DD395F</string><string>69BE24D5-DFC9-F41F-5FBDB0CA9B1C9960</string><string>69BE26C3-F8C5-6C26-E48B22423DA4F181</string><string>69BE2953-A1A7-0957-8C35880BEFC0862A</string><string>69BE2BB1-E228-D10E-BF6744BDC31AD5CA</string><string>69BE2D82-0113-DEED-A9CF100A05C5F8E5</string><string>69BE2F20-E4C2-1D90-2BE0D455B0481296</string><string>69BE30D1-9D6E-BC9A-D57AAA38B645657A</string><string>69BE3289-AEF4-0C24-60C8DACEDE463AEC</string><string>69BE3493-0CE3-6C6C-BD3B2624E7BE43CA</string><string>69BE3688-C031-3859-A7C041AD00057064</string><string>69BE38A5-06F7-D41B-F664A24A3E458412</string><string>69BE3A89-FBB7-B235-4D6C6C1E519D0112</string><string>69BE3C6E-0354-FAE8-15A9EC174B8CC03B</string><string>69BE3E50-F110-8D6E-D23F7087ECC45EA5</string><string>69BE4059-0619-0F05-F00277DDEA6CE5E5</string><string>69BE42CB-9272-059B-3CF35CF89A0DC302</string><string>69BE44D9-AA9D-1A6C-546DBEDE5991DB1F</string><string>69BE46CE-983F-3CAF-F20A38146E2E90ED</string><string>69BE48B3-97E3-FB09-C0DC75DD912108AA</string><string>69BE4AC9-D4EF-BB1C-3DB540B84F704033</string><string>69BE4C6B-E828-A6C1-BF5FC90E11DD13DE</string><string>69BE4E45-F0E2-A6DD-58DF93ADEA40F2D2</string><string>69BE4FF7-AAC5-768A-929C435035335691</string><string>69BE51A1-B28D-AD1D-6DA4B4EB2E1EB6AE</string><string>69BE5347-FAD6-52B0-F64C2E467B8BEBFF</string><string>69BE54ED-B25B-3A54-A720041A72153E02</string><string>69BE5698-DC3D-9570-0E410E8173EAFB8E</string><string>69BE5840-9F92-C30D-17EA83E2EA5D0B3F</string><string>69BE59D7-AE40-D392-F3DEE6DF3B0D2686</string><string>69BE5B78-EAEB-376F-0D40E3853F61EF2E</string><string>69BE5D12-DD6E-4D33-F47956C8FF006812</string><string>69BE5EB4-0082-E1D1-20BCCE1974A7065F</string><string>69BE6115-F674-7E59-E6E507EE8097DC00</string><string>69BE62F7-A207-F181-FE210ED45DAFB34F</string><string>69BE64E7-F2F6-37B9-465F1B84DAF268B9</string><string>69BE66C8-CFCB-5473-97D85C659C05AB17</string><string>69BE68AF-0EE4-20D9-8D5AC3BA5B184864</string><string>69BE6A90-FEF2-E452-4D558F1F67DB2E6E</string><string>69BE6C6C-99DF-9DB9-CF4340DD0446F5A2</string><string>69BE6E66-060C-6451-2DB2EA6CACF0A0BE</string><string>69BE7058-E003-B005-C59F37F0D19BC70E</string><string>69BE71F1-C329-EFD4-D1A66844C7012E0E</string><string>69BE739A-9DCD-768C-AA6FDDF3FC324376</string><string>69BE7526-0482-9864-45B781FD23C4AAC6</string><string>69BE76DE-D324-32C5-ADB7D108873B6CE8</string><string>69BE78D9-C5FA-0AA5-D84432C43F500819</string><string>69BE7A71-C0FB-8612-7CD6D33A75E393EB</string><string>69BE7C29-F4B2-DB0C-C1624F875CA11E75</string><string>69BE7DF1-0AD4-062D-F57177DE86F98A01</string><string>69BE7F97-9708-D6EE-39A73EFE6CC922F1</string><string>69BE8141-B9AB-7C26-09578A0B9F58A0BA</string><string>69BE82F3-028B-94C3-9878E31AC2DD70C9</string><string>69BE84BC-D1AF-86A4-CE6F3ADDEE6D0EF6</string><string>69BE8671-F0DD-FFCA-309115EDCA4ADE32</string><string>69BE880E-B935-8A25-9B37580148277E9A</string><string>69BE89C1-9BE2-885F-C220A134BA02BC7C</string><string>69BE8BC0-AFE2-C385-D7EF8533D608E07E</string><string>69BE8D9F-0D74-D637-D7198BC2E7E76E19</string><string>69BE8F4B-FF85-A4D0-019585E680F0C37E</string><string>69BE9162-F31B-0711-D77DC1AEAAE3CA48</string><string>69BE9337-9994-EA97-D7FA4BF14D6702D4</string><string>69BE94F7-9470-763C-78F212BF3C3D7713</string><string>69BE96D9-DE60-6C3B-25332361183835CB</string><string>69BE98A5-0BB9-3F72-0986662026A35685</string><string>69BE9A5C-0F1A-F694-9A024A603E936FB0</string><string>69BE9C13-90AD-81DD-53E85C9FD03AC8D0</string><string>69BE9E04-C702-202A-4EA48FF77353AE66</string><string>69BE9FB5-E0EB-1660-457C42C6B7623305</string><string>69BEA166-D391-EFF9-41FED7FB4B9499E3</string><string>69BEA337-EDD2-8418-4162613FFBE5DDAB</string><string>69BEA52A-E346-58C0-EBAFC7CC644D918F</string><string>69BEA6E8-D101-CB1D-37548CC10825696B</string><string>69BEA86B-C6FE-E658-5E4CF9074EDF306B</string><string>69BEA9EE-D717-C2FE-C1B4ED8CE4D88549</string><string>69BEAB8E-D46C-3968-9401FCE8487992A8</string><string>69BEAD0C-E29B-09BC-D9AA73E69CF62F61</string><string>69BEAE90-CC9F-47FC-C3EAC06695FCA3E3</string><string>69BEB014-C687-2FC6-37D765CA40C9BEA2</string><string>69BEB1CF-D98D-BABD-6725568FF1F20DF6</string><string>69BEB3FE-B3FA-5942-6FCD6E2FBD7B1D74</string></field><field name='CONTENTID'><string>00000000000000000000000000000000001</string><string>69BEC862-94B2-546A-104379A696AA461C</string><string>69BEC755-E442-C8A0-AE57EF2D907BE325</string><string>69BEC885-E6ED-7FFE-13A035AF9F75E31B</string><string>69BEC885-E6ED-7FFE-13A035AF9F75E31B</string><string>69BECB17-C943-45B0-A7DA85F1AEFE6DA4</string><string>17C47200-F1ED-4A05-11D37667E7779654</string><string>17E55C9F-FA4F-D6A2-B7F2079051C5BCDA</string><string>17E55C9F-FA4F-D6A2-B7F2079051C5BCDA</string><string>69BEC915-A611-34E2-0FB1516B9837AD17</string><string>180B056F-0845-E5B1-3DA9AD5A21B5F366</string><string>182AB0C2-C2FC-B08B-850709DB0B4F111E</string><string>182AB0C2-C2FC-B08B-850709DB0B4F111E</string><string>75439A8F-283C-423C-B4655440D570527A</string><string>88F1EFB2-D25E-4200-B8CB5E31A4F4589D</string><string>DE0C0A42-93E9-4F8A-A2779466BBC38D21</string><string>EC67DCFA-DAC3-4010-9109E8895B503F93</string><string>B7BEE588-B37A-4854-8070BD42357FB352</string><string>73580986-3F5B-4A64-9A653BE8B48C39C4</string><string>C751FB7A-2355-4229-A6C005A7A3229044</string><string>00000000000000000000000000000000001</string><string>DDB76121-8927-4415-8FA62B1AE6AC847D</string><string>467F4409-7A17-44DE-86C7F9D6AB4966AD</string><string>ABD52B5F-D98B-4A96-879BD6F2BFA7A007</string><string>BE7343F4-7D97-4FBD-B79AB68F4653D1F5</string><string>00000000000000000000000000000000001</string><string>05EB3364-F8FF-16F0-3542DFE5A3FA8EC3</string><string>AC592CA4-32CC-4EA3-BE0571431014E5F1</string><string>69BEC16B-96A3-0EF5-E310B43789F97C0B</string><string>38F7B8EC-8ECC-46A9-B8CCFF521CB6F951</string><string>00000000000000000000000000000000001</string><string>9C089316-3DF4-48FD-BB2C16EB6411594C</string><string>00000000000000000000000000000000001</string><string>7AD496B0-AF37-461D-9F3652DF5BFA06E2</string><string>B3DE7390-30BB-49AA-A251BA73DA335572</string><string>89E37306-2980-4E1E-809194E8A8D0B420</string><string>00000000000000000000000000000000001</string><string>4227534A-F4C5-488A-9B2D8F913983AECB</string><string>A0E1553E-2DE9-4D6D-957A924C9047C715</string><string>69BED773-C1ED-33B1-B6A42E88E8F44218</string><string>101FE6B2-881A-4BB7-99A15E02C28E0376</string><string>41E94BBD-6800-4ACC-A9E2957DE61DEF83</string><string>ECC442B5-6F52-4409-B915017EAD175B6F</string><string>74B87D9F-79B9-40FD-B14AFDE328FAD1C5</string><string>1FCD3187-C5CF-4128-AB8DADDCD8F016C6</string><string>E439977F-FCA3-41E2-BEEFA708970C1121</string><string>64FE3DB9-8723-4248-BF21AB0C3DE9E9F0</string><string>00000000000000000000000000000000001</string><string>69BEC14A-FA93-7959-2F8950D818231725</string><string>101FE6B2-881A-4BB7-99A15E02C28E0376</string><string>848E1C24-0300-4683-9B0B756AE7C0349F</string><string>0E9A8BF7-55A1-4ABA-A09473039D8B50C9</string><string>6C0A0D1F-E3E8-4096-AF85D1B481E86320</string><string>00000000000000000000000000000000001</string><string>00000000000000000000000000000000001</string><string>872E43E6-583E-4C2E-A60C23D284B1358A</string><string>E439977F-FCA3-41E2-BEEFA708970C1121</string><string>C4B2EDAE-4367-481A-84FA3AC8EE778401</string><string>00000000000000000000000000000000001</string><string>4DA3580E-03B3-459C-B9968C77A92FA26C</string><string>69BEC935-C479-51D9-707B51C7FB0988F9</string><string>69BEC69D-CDE4-3823-C0950F495A65F114</string><string>F7D16769-7EEA-4C40-86377B0E76891072</string><string>8CC1835A-F0D9-40BF-88D6FD25C7F24E35</string><string>355E4C26-106D-4F34-8B0D72F00149C6F4</string><string>00000000000000000000000000000000001</string><string>74B87D9F-79B9-40FD-B14AFDE328FAD1C5</string><string>61AC837C-EFA4-434F-9C66358C6ED85260</string><string>0F7547B3-BE0E-485E-AE6EF462E070BDAC</string><string>74B87D9F-79B9-40FD-B14AFDE328FAD1C5</string><string>00000000000000000000000000000000001</string><string>00000000000000000000000000000000001</string><string>E81C1782-ABF8-4321-8070C67CBC321D1B</string><string>F0DE9D98-07BC-D74B-25E3F0A6BAFF4257</string><string>00000000000000000000000000000000001</string><string>9F968102-C375-49B0-9F41B7C44F21ED90</string><string>91035C5C-29C6-4FB3-84F475E1E6A28977</string><string>00000000000000000000000000000000001</string><string>EE5686A3-39EE-468C-A556ABB796EE79AE</string><string>424C4471-075D-44EC-83BF71F49AE54F8B</string><string>69BEC0BE-D5AF-1580-733DCEDDFC7E58E3</string><string>9CA921CC-1A0F-4C85-BA34D57A0DDD9183</string><string>BABBF2D5-8210-4176-8C1DD1AC62A3F83F</string><string>0D0AFA9D-AD66-4D45-B95DE1FAAE201367</string><string>69BEC6F1-0B80-F8EA-B6ABA50B327CD2F9</string><string>5103A46B-45BA-410B-9A30FB076C07C68E</string><string>EB01B463-6729-477D-AB6C1EA15C68A21B</string><string>1D2B7AD0-494A-46B5-89AB78A77A5C7E76</string><string>9CECDBE4-E72C-4A07-9DB3CF73FCC01858</string><string>8AFFCCD6-BC03-40BD-A1F9818B740BCDAE</string><string>45EA8C98-FA72-4CE6-A62092A67B6357B7</string><string>00000000000000000000000000000000001</string><string>04E65463-FEFD-0AEC-4D617D1FC6D3C45B</string><string>00000000000000000000000000000000001</string><string>B381E063-C5D3-4934-A0DE907EB58F1527</string><string>C6BAA0E6-8001-4322-8CA01CF6CE9BEF37</string><string>00000000000000000000000000000000001</string><string>00000000000000000000000000000000001</string><string>69BEC076-F5AB-831C-B1D5BD21CFD2D088</string><string>F0DE9D4A-E27C-657F-3CF9593849FF6E5A</string><string>8CFF27E4-099A-4379-BE8031C1A06F1991</string><string>3956DBDD-9E86-4F20-87D3A8BF7D5DA5CA</string><string>20F81DF7-5D0B-4F58-A64D529FF2EF7808</string><string>7F14F707-2852-4D72-8B22299DF48B0DAD</string><string>69BEC8CD-AC65-139A-DC9DE459147FAC0B</string><string>00000000000000000000000000000000001</string><string>1EA1293C-B7E5-423A-B9040441DA267A71</string><string>C38C3512-F003-4BAC-B1C48F13DF93214E</string><string>3956DBDD-9E86-4F20-87D3A8BF7D5DA5CA</string><string>859EAD10-ED86-47B0-AF90060199EBA0EC</string><string>0E9A8BF7-55A1-4ABA-A09473039D8B50C9</string><string>69BEC243-0350-76C0-DFEA55EEC2F6D4CE</string><string>E6C60DD4-8C71-44D9-B16134A03E1A5ADE</string><string>89E37306-2980-4E1E-809194E8A8D0B420</string><string>D9D78952-E5AB-42A7-A93BE1FA19C52787</string><string>8479BAD8-D431-4A21-A5DA92C4DE9450B9</string><string>79DCF605-7F32-452A-997C1BE377F7EB66</string><string>00000000000000000000000000000000001</string><string>B3DE7390-30BB-49AA-A251BA73DA335572</string><string>2EF562BA-C51F-4374-A42423CA936AB54A</string><string>00000000000000000000000000000000001</string><string>69BEC915-A611-34E2-0FB1516B9837AD17</string><string>B7EF4D89-4D5D-492D-A9E4432C1C257147</string><string>E439977F-FCA3-41E2-BEEFA708970C1121</string><string>58E0EB62-3342-4D7B-8C8CAAC42DAF076B</string><string>E8450B17-B31F-4338-B748634AC6554679</string><string>4246D8DC-6249-4453-B14822E2B20F98A0</string><string>E5B86450-9F3D-4AE8-84D8AF8D42148F68</string><string>00000000000000000000000000000000001</string><string>00000000000000000000000000000000001</string><string>D80B4AFD-53DF-42F6-886EAB658DCE20E4</string><string>29C0E16A-A913-42F5-8C7F8BED410D4310</string><string>991E5F73-6ABB-4B87-96810136A7D25C87</string><string>97923A48-8C09-415E-B8F416BFA54EAAD9</string><string>9F0C5400-65C0-4BD9-857C740145E5BEA3</string><string>5DFDC0F2-B8D7-486A-AAD9AB496EE966AD</string><string>5ACFF443-FF02-4826-86603CE7D305FECD</string><string>225DADEF-3BA8-4E62-B59C0BB249B2ED5F</string><string>F8545C37-CB53-46C7-B08D643AB53AA7EE</string><string>947065F7-6E37-41CB-8148D5F7EDF70C08</string><string>97923A48-8C09-415E-B8F416BFA54EAAD9</string><string>00000000000000000000000000000000001</string><string>8B6F83C4-2FDA-4CC1-9C058169261564AA</string><string>1192DEF7-FCB0-4D35-8FDA34A5B429536C</string><string>FF32D135-7585-4CF9-B18B97202EC1CDB4</string><string>3EE06FA2-F802-4A99-AB8233CC1B866BAC</string><string>0401984D-7096-43F0-B226AE69CFF0CA5F</string><string>79918F5F-BDAD-45E0-B22F35EA1BBC1597</string><string>69BEC6F9-0722-B16F-C1EE6B9885B41C9E</string><string>69BEBCFD-FDC4-A472-B4CEF13464C48182</string><string>677F5109-031E-443F-8DCEDA916A0E1416</string><string>44E47D56-48BE-4D64-A99F706289761C6A</string><string>CEB5F07A-2FB3-4847-BCD2EA1766489991</string><string>33183BB1-96F4-4D35-9848934600E1AF1B</string><string>1D40C08F-2654-411A-A4784275CC903080</string><string>00000000000000000000000000000000001</string><string>00000000000000000000000000000000001</string><string>5B14402D-FBEE-4810-8DFB1B16FD0D53A7</string><string>BADFDB13-BB8A-435B-9E21C3C59529ADA7</string><string>00000000000000000000000000000000001</string><string>5FE1136A-1F9E-4001-BC8BE941D2C43A3A</string><string>1AA35F0F-EBF4-4E8C-BE8E3A76A7DDA251</string><string>69BED751-9C17-C262-C4CBA04354CCC026</string><string>0E9A8BF7-55A1-4ABA-A09473039D8B50C9</string><string>00000000000000000000000000000000001</string><string>827AD0D2-8C30-4BCC-89E56D616A07C8E0</string><string>735D4949-0C24-403C-8E17CFE65C51E80B</string><string>8CFF27E4-099A-4379-BE8031C1A06F1991</string><string>FFA2F6A8-B272-43C4-B9CF4FBBFA034C5F</string><string>787ECA2D-82FE-4DC0-83C06AB486DB58FE</string><string>163A6908-12EB-48DC-94C22E1F6D7B9428</string><string>6A4A226C-A1E9-443F-A10ADF06DD796192</string><string>5EA856A2-ABAD-461E-A10DF99D55B13084</string><string>1F9704A8-7D00-4599-BFDE22891E1F0F08</string><string>D1BF7CC5-DE5D-4523-84CA71C71615A007</string><string>43C34CAE-3839-45B5-B9E67268B9DC30C3</string><string>FB8B530A-6BF0-4BF6-8BDC43A1D6812CC7</string><string>4DA3580E-03B3-459C-B9968C77A92FA26C</string><string>69BEBD7E-A4A1-7518-AF8815491A52BFC8</string><string>99F306FA-79DE-472A-ABD5A6F1DFA913EE</string><string>00000000000000000000000000000000001</string><string>00000000000000000000000000000000001</string><string>1DABD588-AAD0-47AA-ABC32D5300C08053</string><string>00000000000000000000000000000000001</string><string>7423E076-B6D3-4316-81003EE4C9D7CB89</string><string>B0776C71-DBB0-49C8-843EAF45F7111196</string><string>CFDA566E-1B2D-4282-A18B5F059C1DF930</string><string>00000000000000000000000000000000001</string><string>89E37306-2980-4E1E-809194E8A8D0B420</string><string>8CFF27E4-099A-4379-BE8031C1A06F1991</string><string>E8C43899-09F5-469E-A92F7B0E86E4A148</string><string>00000000000000000000000000000000001</string><string>1AFB14D1-719E-48BE-95BB15299A7C89A1</string><string>00000000000000000000000000000000001</string><string>F43ADF4E-7E6B-41DD-9478A35BEDD3D3D3</string><string>C8000739-32B3-48C7-B0391BB687AE93D3</string><string>5EDF54BF-5005-4E32-B3A07A46DB38E1A1</string><string>6C0A0D1F-E3E8-4096-AF85D1B481E86320</string><string>06885ACD-691F-431A-BCC24E2490FE5D4C</string><string>69BEC9FF-A519-2E44-3602C0454C28E3FB</string></field><field name='FILENAME'><null/><string>events/new-years-day-2019</string><string>events/first-day-of-spring-2019</string><string>events/first-day-of-summer-2019</string><string>events/first-day-of-summer-2018</string><string>events/first-day-of-winter-2018</string><string>events/first-day-of-autumn-2018</string><string>about/annual-reports/2016-annual-report1</string><string>about/annual-reports/2017-annual-report</string><string>about/mura-support</string><string>events/muracon-2018</string><string>events/first-day-of-spring-20191</string><string>events/first-day-of-spring-2018</string><string>where-do-i-start/themes-directory</string><string>mura-objects/system-display-objects</string><string>mura-objects/system-display-objects/user-favorites</string><string>photo-gallery/istock-unfinished-business-4-jpg</string><string>mura-objects/system-display-objects/user-tools</string><string>news/life-as-a-lifeguard-not-so-good</string><string>mura-objects/calendar/mura-cms-u-s-training</string><null/><string>about/photo-gallery/photo-1417436183232-5748bd9f144e-jpeg</string><string>temp-news/altitude-training-does-it-work</string><string>test-section/test-page</string><string>blog/i-met-my-wife-in-san-francisco-or-did-i</string><null/><string>spanish-about/about</string><string>news/sleeping-outside-on-hot-summer-nights</string><string>about</string><string>news/build-a-winning-team</string><null/><string>mura-objects/navigation-examples</string><null/><string>temp-news/life-as-a-lifeguard-not-so-good</string><string>events/first-day-of-summer</string><string>news/surfboarding-to-be-restricted-during-weekend-hours</string><null/><string>blog/why-i-no-longer-let-my-kids-play-with-bubbles</string><string>test</string><string>about/annual-reports/2015-annual-report</string><string>events/first-day-of-winter-2015</string><string>mura-objects/system-display-objects/site-map</string><string>events/first-day-of-fall</string><string>news/birds-apparently-know-much-more-than-we-imagined</string><string>photo-gallery/istock-unfinished-business-7-jpg</string><string>about</string><string>photo-gallery/istock-unfinished-business-hed-2015-jpg</string><null/><string>about/photo-gallery</string><string>events/first-day-of-winter</string><string>news/altitude-training-does-it-work</string><string>news/woman-discovered-running-nowhere-in-general</string><string>news/cold-as-ice</string><null/><null/><string>events/new-years-day</string><string>about</string><string>contact-us</string><null/><string>events/first-day-of-fall-2016</string><string>contact</string><string>news</string><string>blog/my-first-time-surfing-i-didn-t-surf</string><string>news/wow-what-a-view</string><string>temp-news/small-town-carnival-almost-ready</string><null/><string>news/woman-looks-forward-to-getting-lost-in-the-woods</string><string>about-us/board-of-directors</string><string>photo-gallery/istock-unfinished-business-8-jpg</string><string>news/people-getting-lost-in-the-woods-on-purpose</string><null/><null/><string>photo-gallery/istock-unfinished-business-10-jpg</string><string>font-awesome</string><null/><string>mura-objects/system-display-objects/related-content</string><string>photo-gallery/istock-unfinished-business-6-jpg</string><null/><string>photo-gallery</string><string>news/altitude-training-does-it-work</string><string>blog</string><string>about-us/board-of-directors/john-doe</string><string>about/photo-gallery/1d8ef901-jpeg</string><string>about/photo-gallery/photo-1418290368169-1c94e6683532-jpeg</string><string>about/protected-area/test/temp</string><string>events/first-day-of-winter-2016</string><string>mura-objects</string><string>photo-gallery/istock-unfinished-business-3-jpg</string><string>news/sleeping-outside-on-hot-summer-nights</string><string>temp-news/sleeping-outside-on-hot-summer-nights</string><string>news/the-great-outdoors</string><null/><string>spanish-about</string><null/><string>about/test-link</string><string>news/not-all-wine-comes-from-california-after-all</string><null/><null/><string>events</string><string>bootstrap</string><string>blog/why-i-only-sleep-for-three-hours-per-day-and-stay-up-all-night</string><string>about/annual-reports/2013-annual-report</string><string>events/launch-mura-7</string><string>mura-objects/calendar/mura-cms-u-k-training</string><string>about/protected-area/sample-page</string><null/><string>news/ride-the-wave</string><string>photo-gallery/istock-unfinished-business-1-jpg</string><string>about/annual-reports/2013-annual-report1</string><string>temp-news</string><string>news/housing-market-finally-taking-a-turn-for-the-better</string><string>about/protected-area</string><string>about/photo-gallery/photo-1417026792760-4002c893cfa0-jpeg</string><string>news/developer-discovered-writing-code-from-scratch</string><string>section-test</string><string>events/mura-cms-u-s-training1</string><string>blog/my-wife-hates-my-ride</string><null/><string>events/first-day-of-summer-2015</string><string>board-of-directors</string><null/><string>about/mura-cms-support</string><string>photo-gallery/istock-unfinished-business-12-jpg</string><string>about</string><string>font-awesome</string><string>news</string><string>about/photo-gallery/photo-1417434743061-9873e0beaed6-jpeg</string><string>mura-objects/system-display-objects/accept-comments</string><null/><null/><string>mura-objects</string><string>mura-objects/calendar</string><string>contact</string><string>news/a-day-in-paradise</string><string>news</string><string>events/mura-cms-u-k-training</string><string>events/first-day-of-summer-2016</string><string>about/photo-gallery/photo-1417026846249-f31f7e43fc35-jpeg</string><string>blog/requirements-estimating-keep-your-projects-in-the-black</string><string>news/small-town-carnival-almost-ready</string><string>news/the-rise-of-coworking</string><null/><string>photo-gallery/istock-unfinished-business-9-jpg</string><string>blog/i-wear-a-necklace-cause-i-wanna-know-when-i-m-upside-down</string><string>mura-objects</string><string>blog/should-schools-to-tear-down-playgrounds-since-kids-no-longer-know-how-to-play-on-them</string><string>photo-gallery/istock-unfinished-business-5-jpg</string><string>about/photo-gallery/photo-1415938631621-bc6316bd55f1-jpeg</string><string>about/protected-area/test</string><string>404</string><string>test-section</string><string>bootstrap</string><string>overview</string><string>about/photo-gallery/photo-1415628630193-e0372232b489-jpeg</string><string>section-test/test-page</string><null/><null/><string>about/test-page</string><string>about/photo-gallery/photo-1415860407914-fe42e09b4f77-jpeg</string><null/><string>home</string><string>about-us</string><string>about/annual-reports/2016-annual-report</string><string>news/woman-discovered-running-nowhere-in-particular</string><null/><string>events</string><string>test-page</string><string>blog/this-is-how-i-became-a-vampire</string><string>events/mura-cms-u-s-training</string><string>board-of-directors/matt</string><string>blog/confessions-of-a-travel-addict</string><string>news/the-numbers-are-in</string><string>about/photo-gallery/photo-1418290446909-26cf5877e5e8-jpeg</string><string>photo-gallery/istock-unfinished-business-11-jpg</string><string>where-do-i-start/siteid</string><string>mura-objects/syntax-highlighting</string><string>blog/why-you-should-go-ballooning</string><string>events/first-day-of-fall-2015</string><string>site-map</string><string>site-map</string><null/><null/><string>events/first-day-of-spring-2015</string><null/><string>events/first-day-of-spring-2017</string><string>temp-news/snow-machines-run-as-winter-winds-down</string><string>blog</string><null/><string>news/surfing-to-be-restricted-during-weekend-hours</string><string>blog/top-20-reasons-i-make-fun-of-my-kid</string><string>about/annual-reports/2014-annual-report</string><null/><string>news/snow-machines-run-as-winter-winds-down</string><null/><string>about-us/our-history</string><string>where-do-i-start</string><string>404</string><string>news/the-power-of-4</string><string>blog/i-wear-a-necklace-cause-i-wanna-know-when-i-m-upside-down</string><string>about/annual-reports</string></field></recordset></data></wddxPacket>
