<wddxPacket version='1.0'><header/><data><recordset rowCount='187' fieldNames='SITEID,ARCHIVEID,CONTENTID,FILENAME' type='coldfusion.sql.QueryTable'><field name='SITEID'><string>default</string><string>default</string><string>default</string><string>default</string><string>default</string><string>default</string><string>default</string><string>default</string><string>default</string><string>default</string><string>default</string><string>default</string><string>default</string><string>default</string><string>default</string><string>default</string><string>default</string><string>default</string><string>default</string><string>default</string><string>default</string><string>default</string><string>default</string><string>default</string><string>default</string><string>default</string><string>default</string><string>default</string><string>default</string><string>default</string><string>default</string><string>default</string><string>default</string><string>default</string><string>default</string><string>default</string><string>default</string><string>default</string><string>default</string><string>default</string><string>default</string><string>default</string><string>default</string><string>default</string><string>default</string><string>default</string><string>default</string><string>default</string><string>default</string><string>default</string><string>default</string><string>default</string><string>default</string><string>default</string><string>default</string><string>default</string><string>default</string><string>default</string><string>default</string><string>default</string><string>default</string><string>default</string><string>default</string><string>default</string><string>default</string><string>default</string><string>default</string><string>default</string><string>default</string><string>default</string><string>default</string><string>default</string><string>default</string><string>default</string><string>default</string><string>default</string><string>default</string><string>default</string><string>default</string><string>default</string><string>default</string><string>default</string><string>default</string><string>default</string><string>default</string><string>default</string><string>default</string><string>default</string><string>default</string><string>default</string><string>default</string><string>default</string><string>default</string><string>default</string><string>default</string><string>default</string><string>default</string><string>default</string><string>default</string><string>default</string><string>default</string><string>default</string><string>default</string><string>default</string><string>default</string><string>default</string><string>default</string><string>default</string><string>default</string><string>default</string><string>default</string><string>default</string><string>default</string><string>default</string><string>default</string><string>default</string><string>default</string><string>default</string><string>default</string><string>default</string><string>default</string><string>default</string><string>default</string><string>default</string><string>default</string><string>default</string><string>default</string><string>default</string><string>default</string><string>default</string><string>default</string><string>default</string><string>default</string><string>default</string><string>default</string><string>default</string><string>default</string><string>default</string><string>default</string><string>default</string><string>default</string><string>default</string><string>default</string><string>default</string><string>default</string><string>default</string><string>default</string><string>default</string><string>default</string><string>default</string><string>default</string><string>default</string><string>default</string><string>default</string><string>default</string><string>default</string><string>default</string><string>default</string><string>default</string><string>default</string><string>default</string><string>default</string><string>default</string><string>default</string><string>default</string><string>default</string><string>default</string><string>default</string><string>default</string><string>default</string><string>default</string><string>default</string><string>default</string><string>default</string><string>default</string><string>default</string><string>default</string><string>default</string><string>default</string><string>default</string><string>default</string><string>default</string><string>default</string><string>default</string><string>default</string><string>default</string><string>default</string></field><field name='ARCHIVEID'><string>F0DD2C04-B8C8-8CCA-6231BC0757E32AC7</string><string>F0DD31B3-D154-5D26-A1E73C7D1BD3D8B9</string><string>F0DD3398-C39E-F921-61EE504B00182441</string><string>F0DD3594-0670-A766-7E48C09EAFF8C2CC</string><string>F0DD3773-9269-81E9-BDBF16005C2D042B</string><string>F0DD3991-915A-2201-63E35B4BEDDD4C81</string><string>F0DD3B6E-ED54-3540-E796F2502326D58E</string><string>F0DD3D5D-B62D-9D3D-67C1D67EA440EEB1</string><string>F0DD3F6A-ED6F-66C7-610F1B71D41C063F</string><string>F0DD4164-E8CD-4FF6-BFC7F865A0949A73</string><string>F0DD4369-0ED4-AD3C-0BAD93F6FEB594E4</string><string>F0DD4543-B1A5-E638-70236B5798513F35</string><string>F0DD473D-D8F1-87DE-7CD9558B9AA4B057</string><string>F0DD49F4-E312-5419-1F42D762DA400C08</string><string>F0DD4BB9-F6F1-AB79-5EF2294C714BF78A</string><string>F0DD4D9D-A9D2-950B-3A1C82551A103F0D</string><string>F0DD4F74-9841-6BA1-1AA77AF1A2637210</string><string>F0DD5165-CC89-7997-2554F1DE00B7FF1E</string><string>F0DD5332-9833-CC5C-003619CF21DD712C</string><string>F0DD5502-0F37-393C-E3CEBABABCC85277</string><string>F0DD56E6-A415-5694-BB37C3A48CE882F5</string><string>F0DD58AC-D3CF-333F-FC33F381B53BF3A3</string><string>F0DD5A73-0D45-9D25-5AF59C51D2B7215F</string><string>F0DD5C2D-ECE0-1A47-E7D2616099CACBA1</string><string>F0DD5DDF-9EFE-982A-3BC3D0525EA405BB</string><string>F0DD5FA2-0F9B-BF8D-3D0C3A03941B0322</string><string>F0DD6163-CBB7-7EC4-2923D5B281E5CE64</string><string>F0DD6328-F41D-7526-442DF7BB9BB4EFFF</string><string>F0DD6510-D53E-5D82-7784BFC9208FFB8C</string><string>F0DD66BE-95E2-09EE-112C9D21A8C03AF7</string><string>F0DD686B-03E7-5E8A-ACF44B933CDF7A9F</string><string>F0DD6A12-A6B2-A959-0E9EB8A6CAE58A16</string><string>F0DD6BCE-0E62-990D-31E47CC4DD0F18F3</string><string>F0DD6D73-9A49-44DF-76D9DF9A5548817D</string><string>F0DD6F19-0A85-A030-33C6B785E35793D6</string><string>F0DD7157-A3ED-42DA-38BAEE6EF040AE20</string><string>F0DD7311-C2B9-86DC-0669682F0568BC59</string><string>F0DD74EB-9936-65D0-A17ACB87E3CD1582</string><string>F0DD7710-F306-722A-464EB82117C166D0</string><string>F0DD7960-F5EB-999D-3A68BA6925DCA0E9</string><string>F0DD7BC2-018C-1D98-4B5BF5CDF0C53E83</string><string>F0DD7DA6-0956-8600-FCCBC51CB10356CF</string><string>F0DD7F80-9967-768C-5924A83EEA8CC024</string><string>F0DD8177-F2DC-A890-10C19C1FF2EBAADF</string><string>F0DD8392-C260-6E6D-43845FDB089952B5</string><string>F0DD85E2-9B8F-5302-C3A81F0402A57F93</string><string>F0DD88A1-DA92-9B68-735C7917AA489035</string><string>F0DD8A92-EE07-11FF-B5C58B88ABDFBE86</string><string>F0DD8C67-91A0-534B-C7DB3B0ED57FCF36</string><string>F0DD8E2D-C371-A9A5-D5AE07F26E0FDA1A</string><string>F0DD90F2-9E2F-070A-FF93B3FF346506BC</string><string>F0DD932A-9E50-5CBC-0DDB2CD2F56500A1</string><string>F0DD95E1-B53A-6B52-114A9B76F3D628AF</string><string>F0DD9822-A797-9115-010F61FF6EC84141</string><string>F0DD9A89-DB7C-75EE-215300E24185F376</string><string>F0DD9CB8-0DC5-1966-7775AA08D731F536</string><string>F0DD9F22-BA8E-A95F-C1CAAD479D431B1B</string><string>F0DDA15D-0CD2-16AC-EF230EFD55204287</string><string>F0DDA400-09E4-545C-7034E24C3BEEA5E8</string><string>F0DDA5EA-97FE-03C0-7F039ACF51949F66</string><string>F0DDA80E-ADB7-3456-6C6F3152A0D2B892</string><string>F0DDA9DA-D5CE-6AE2-26DE4B38039BFE77</string><string>F0DDABB5-05A6-6A3E-33514A909157CF11</string><string>F0DDAD85-A805-B566-550D5C74AF05947A</string><string>F0DDAF70-E817-121D-D1F7F8A2CD210952</string><string>F0DDB18A-9CA9-7BF2-6A4D4EB2E1CE4A19</string><string>F0DDB3B4-A933-4929-64323894F75C10CC</string><string>F0DDB5E6-00DF-054C-5D5A7BD8ADAABC61</string><string>F0DDB7D2-E38D-189B-C8A0F941E4764AB8</string><string>F0DDB99E-C96E-8E51-A903DB74D1DABC5F</string><string>F0DDBB6A-BD16-7932-2DF3A423298919EE</string><string>F0DDBD44-E699-AB40-DEB2954FFB70BAE5</string><string>F0DDBF1C-BAA6-E009-1CE7102834D76A1F</string><string>F0DDC0FE-0B06-E100-53861C7FA0088835</string><string>F0DDC2D4-F4FD-13BC-8C63C50EC787DBC3</string><string>F0DDC4E4-90AC-F0AB-AC4AEBD5FA142A87</string><string>F0DDC70D-E37C-9B55-9B5CFE77C238F5E0</string><string>F0DDC946-0FA5-785E-EB6982A9A8F839F7</string><string>F0DDCB9A-00A2-DE6E-E0E657211E67A3F1</string><string>F0DDCE15-03EF-8F25-FDD46A928AB95F75</string><string>F0DDD06B-B1C7-7B9A-3877FF98ACB63EB0</string><string>F0DDD2AE-AFD0-90AD-E98E92E6272E6717</string><string>F0DDD494-BD05-46B3-DA07BB022EB05ABC</string><string>F0DDD6B3-91D2-A11D-794BA08EEAD01C78</string><string>F0DDD8CF-F2B5-D033-129D8CA2E0A6FA1C</string><string>F0DDDAC5-9F0F-BE81-FFA8424E7461EB24</string><string>F0DDDCAD-C814-C8A0-41DC8F9810855F09</string><string>F0DDDE87-C82D-978A-7E38C333D7FB1D9A</string><string>F0DDE04C-F8A4-CE92-94731412FC7442A0</string><string>F0DDE218-0752-6BFA-2F35D6F654B5C585</string><string>F0DDE3CB-A5A8-BEF5-CEEE02215BFF31E3</string><string>F0DDE582-9190-EC1D-02A9E7CA31991DA3</string><string>F0DDE733-08A0-116A-C078BB45966B47B4</string><string>F0DDE8DF-A061-C98C-9012AA7BE868B5F7</string><string>F0DDEA95-A730-DC1C-47F1B8FFFB32BA87</string><string>F0DDEC4A-F295-5869-059DB828A22F39C4</string><string>F0DDEE0E-D76B-B000-C0278579614ECFE0</string><string>F0DDEFCC-D3A6-D562-814FD458931F7454</string><string>F0DDF189-F76C-ACA1-A3C23E92CE554D8A</string><string>F0DDF34A-C9DD-F598-06367BFDEF8D2E77</string><string>F0DDF4F8-09B5-0A00-FCAC83AA74A7EC20</string><string>F0DDF6A9-973B-9721-5A548C08EF528E3F</string><string>F0DDF866-AF74-D6CB-73BBB8B6B0A9C474</string><string>F0DDFA41-DB71-1CAB-317A3F10B59B0BB2</string><string>F0DDFC97-E41D-7DDD-C261A97264A21929</string><string>F0DDFEDC-9362-69B8-7B416B8D77C7D573</string><string>F0DE00D3-9AC0-61EB-8BA0ECF2B912F3BC</string><string>F0DE02DE-F640-999C-6B3E272CF7360AD4</string><string>F0DE04AB-06CA-9CA4-E23E3C41AD32D724</string><string>F0DE064A-009B-94DE-5BA1F85FB7E3A28E</string><string>F0DE07E3-02B1-C490-234E30A6F77981AA</string><string>F0DE0979-D0E9-75E2-86C4ECAD7D15A045</string><string>F0DE0B0F-B29C-998C-2DA81543FFD9A6C6</string><string>F0DE0CAA-0ED1-AE14-7C38472547AA5513</string><string>F0DE0E5D-C83D-E5C6-197291EE53F4B8F9</string><string>F0DE1055-09D7-87E5-25B0F7D73B592F94</string><string>F0DE122C-0359-5B91-9A5C505EED4DDECF</string><string>F0DE13EA-C1D6-5AAA-88428CBCE56B0A8A</string><string>F0DE15B2-E8C6-AC4D-81DE6DD65B2E7314</string><string>F0DE17DA-F43D-ECC1-B6962A5210CAAC55</string><string>F0DE19BC-A900-73F7-12FD6D5F5137BBDD</string><string>F0DE1BCB-D36B-94B6-F821849A91092276</string><string>F0DE1DE6-C7AD-BD95-04D18CDC8F3AC510</string><string>F0DE1FDA-ACBA-1A87-8E7B69F19A805547</string><string>F0DE218D-F8B9-35E0-BA7961C67471A7B1</string><string>F0DE2333-A0A0-10A0-4EA259F785DC43B5</string><string>F0DE2539-E7F3-6650-425496678975F422</string><string>F0DE270B-C448-B941-78A8CD0C80EB7F1F</string><string>F0DE28CD-FD71-7D58-1C469810108AFDF1</string><string>F0DE2ACE-D7CF-16F7-2C0E09B2E99C27B7</string><string>F0DE2CE7-A302-BE88-9C123BB1FD0FFCB7</string><string>F0DE2E90-9432-6690-8721B855AFF6314F</string><string>F0DE3090-ED8B-5A37-6B7F78EEA45557DF</string><string>F0DE3289-9BC3-293F-FE166135E1E02469</string><string>F0DE349A-EF11-F9F7-76F8DF0912116AFB</string><string>F0DE36BD-001A-3023-46981B188DB6DD74</string><string>F0DE38F0-D26D-36ED-DF5A3DA15117706B</string><string>F0DE3B29-EF3D-3172-AE2B0CE062C74EE9</string><string>F0DE3D50-A7D6-F38B-E8A0E877F7C68058</string><string>F0DE3F35-FB43-6242-B481A411D7098075</string><string>F0DE40F1-046D-9A99-BEE4425E1667A7C3</string><string>F0DE42A6-A92B-5A2B-23626C2263DDA2F0</string><string>F0DE449D-DB36-4782-6BCAE6140AEB98B4</string><string>F0DE465E-E55E-3A54-60FC3FE44967BEB2</string><string>F0DE4812-D6CE-1258-05AD9FE2457ACB0C</string><string>F0DE49D1-08BB-A0CB-1FEAEEB7ED0835F9</string><string>F0DE4B8D-B654-A19E-FFFCAB22C2981B83</string><string>F0DE4D45-9A06-B403-62816930D1D9DEAC</string><string>F0DE4EEA-F97C-6B4B-570430AA42A29D8B</string><string>F0DE512F-B6B6-C382-A898036EB24BA7BA</string><string>F0DE52DF-945D-11D7-E41BCB7F6CC7B239</string><string>F0DE5492-FB8A-FC8B-873E6B7CEEC76E4A</string><string>F0DE563C-9668-CF12-2A47BEABBDAC87E7</string><string>F0DE5805-FFBC-7C23-DCD33A4C1313B4F5</string><string>F0DE59A9-CD81-298F-0905018386A3F196</string><string>F0DE5B5F-D352-A7DA-77C657DA5F521ED1</string><string>F0DE5CFA-9639-02E9-5A6133D8828FF506</string><string>F0DE5E97-B19E-9188-8B8390C0683A02E6</string><string>F0DE6055-9087-18CB-55F82FC4363538E7</string><string>F0DE6227-E65C-A017-519EDEC12773668A</string><string>F0DE63ED-C3F8-2B14-F79947619F98D0C4</string><string>F0DE6599-0226-83E4-EAA886E8670BC3E7</string><string>F0DE6766-F04D-7992-F426C9ED9E82A253</string><string>F0DE691E-E647-4193-C0D179884256DBBD</string><string>F0DE6AD1-9BE5-6131-92E0CF8F45A6757A</string><string>F0DE6CB9-AF88-FC96-8A31F5B33C2D0DD0</string><string>F0DE6EF1-96A6-291D-ABF0572EA9ABF825</string><string>F0DE7141-010D-90F7-ABA0724CD6788FFE</string><string>F0DE7307-089D-3EF1-8DE3307C5D491F62</string><string>F0DE74B6-E043-4038-6CF52899D630354B</string><string>F0DE7668-CD1E-5AFC-0FB8875D9FDAEF2E</string><string>F0DE781B-ECE2-6FC8-18223BC7586DC7F6</string><string>F0DE7A93-9699-0E13-ED666999E9373481</string><string>F0DE7C59-ED02-9D2B-DB7395D56871BD75</string><string>F0DE7E36-C071-E31C-FD8315138F23DE0C</string><string>F0DE802D-9163-65E8-FD9777B4ADA72B26</string><string>F0DE820E-EAEA-7F74-A49384ABF0F68A60</string><string>F0DE83F5-D6BD-A097-272B979410166992</string><string>F0DE85C6-D4EF-C233-9A5A9F8B2AFC2D20</string><string>F0DE87B6-C4B1-DE16-6C25D5F6AA0CCDD9</string><string>F0DE8993-F3CF-3689-1E7AF7AA45BD050A</string><string>F0DE8B73-9C5F-C968-C6F215845862895A</string><string>F0DE8D45-F594-0809-BDC9C5A8658C3655</string><string>F0DE8F02-00CB-4247-D46DE3234E9664D0</string><string>F0DE90AD-EC1C-61AE-8F070A023BFF26EC</string><string>F0DE9299-C6DF-1FBB-F4F0E6EB4FA68A25</string><string>F0DE946C-FA7E-62B4-F1E05847933EF5D5</string></field><field name='CONTENTID'><string>75439A8F-283C-423C-B4655440D570527A</string><string>88F1EFB2-D25E-4200-B8CB5E31A4F4589D</string><string>DE0C0A42-93E9-4F8A-A2779466BBC38D21</string><string>EC67DCFA-DAC3-4010-9109E8895B503F93</string><string>B7BEE588-B37A-4854-8070BD42357FB352</string><string>73580986-3F5B-4A64-9A653BE8B48C39C4</string><string>C751FB7A-2355-4229-A6C005A7A3229044</string><string>00000000000000000000000000000000001</string><string>DDB76121-8927-4415-8FA62B1AE6AC847D</string><string>467F4409-7A17-44DE-86C7F9D6AB4966AD</string><string>ABD52B5F-D98B-4A96-879BD6F2BFA7A007</string><string>BE7343F4-7D97-4FBD-B79AB68F4653D1F5</string><string>00000000000000000000000000000000001</string><string>05EB3364-F8FF-16F0-3542DFE5A3FA8EC3</string><string>AC592CA4-32CC-4EA3-BE0571431014E5F1</string><string>E439977F-FCA3-41E2-BEEFA708970C1121</string><string>38F7B8EC-8ECC-46A9-B8CCFF521CB6F951</string><string>00000000000000000000000000000000001</string><string>9C089316-3DF4-48FD-BB2C16EB6411594C</string><string>00000000000000000000000000000000001</string><string>7AD496B0-AF37-461D-9F3652DF5BFA06E2</string><string>B3DE7390-30BB-49AA-A251BA73DA335572</string><string>89E37306-2980-4E1E-809194E8A8D0B420</string><string>00000000000000000000000000000000001</string><string>4227534A-F4C5-488A-9B2D8F913983AECB</string><string>A0E1553E-2DE9-4D6D-957A924C9047C715</string><string>16032F5D-1720-4717-9C1E7906F30941D5</string><string>101FE6B2-881A-4BB7-99A15E02C28E0376</string><string>41E94BBD-6800-4ACC-A9E2957DE61DEF83</string><string>ECC442B5-6F52-4409-B915017EAD175B6F</string><string>74B87D9F-79B9-40FD-B14AFDE328FAD1C5</string><string>1FCD3187-C5CF-4128-AB8DADDCD8F016C6</string><string>E439977F-FCA3-41E2-BEEFA708970C1121</string><string>64FE3DB9-8723-4248-BF21AB0C3DE9E9F0</string><string>00000000000000000000000000000000001</string><string>DE005CB6-E213-4C3C-BE1849636501DD53</string><string>101FE6B2-881A-4BB7-99A15E02C28E0376</string><string>848E1C24-0300-4683-9B0B756AE7C0349F</string><string>0E9A8BF7-55A1-4ABA-A09473039D8B50C9</string><string>6C0A0D1F-E3E8-4096-AF85D1B481E86320</string><string>00000000000000000000000000000000001</string><string>00000000000000000000000000000000001</string><string>872E43E6-583E-4C2E-A60C23D284B1358A</string><string>E439977F-FCA3-41E2-BEEFA708970C1121</string><string>C4B2EDAE-4367-481A-84FA3AC8EE778401</string><string>00000000000000000000000000000000001</string><string>4DA3580E-03B3-459C-B9968C77A92FA26C</string><string>F0DEB667-93F2-449B-DD16A4D354D69974</string><string>C49322BC-8345-4801-A4E8C7A5B5E01003</string><string>F7D16769-7EEA-4C40-86377B0E76891072</string><string>8CC1835A-F0D9-40BF-88D6FD25C7F24E35</string><string>355E4C26-106D-4F34-8B0D72F00149C6F4</string><string>00000000000000000000000000000000001</string><string>74B87D9F-79B9-40FD-B14AFDE328FAD1C5</string><string>61AC837C-EFA4-434F-9C66358C6ED85260</string><string>0F7547B3-BE0E-485E-AE6EF462E070BDAC</string><string>74B87D9F-79B9-40FD-B14AFDE328FAD1C5</string><string>00000000000000000000000000000000001</string><string>00000000000000000000000000000000001</string><string>E81C1782-ABF8-4321-8070C67CBC321D1B</string><string>42BC1CD0-98C7-44F3-98D2008E18962B57</string><string>00000000000000000000000000000000001</string><string>9F968102-C375-49B0-9F41B7C44F21ED90</string><string>91035C5C-29C6-4FB3-84F475E1E6A28977</string><string>00000000000000000000000000000000001</string><string>EE5686A3-39EE-468C-A556ABB796EE79AE</string><string>424C4471-075D-44EC-83BF71F49AE54F8B</string><string>604E7C73-5C66-4891-A1C8A5394B35AE2D</string><string>9CA921CC-1A0F-4C85-BA34D57A0DDD9183</string><string>BABBF2D5-8210-4176-8C1DD1AC62A3F83F</string><string>0D0AFA9D-AD66-4D45-B95DE1FAAE201367</string><string>ED2F1A11-E321-4FA3-93E2CB890D4C0169</string><string>5103A46B-45BA-410B-9A30FB076C07C68E</string><string>EB01B463-6729-477D-AB6C1EA15C68A21B</string><string>1D2B7AD0-494A-46B5-89AB78A77A5C7E76</string><string>9CECDBE4-E72C-4A07-9DB3CF73FCC01858</string><string>8AFFCCD6-BC03-40BD-A1F9818B740BCDAE</string><string>45EA8C98-FA72-4CE6-A62092A67B6357B7</string><string>00000000000000000000000000000000001</string><string>04E65463-FEFD-0AEC-4D617D1FC6D3C45B</string><string>00000000000000000000000000000000001</string><string>B381E063-C5D3-4934-A0DE907EB58F1527</string><string>C6BAA0E6-8001-4322-8CA01CF6CE9BEF37</string><string>00000000000000000000000000000000001</string><string>00000000000000000000000000000000001</string><string>F64B731A-58DF-44BF-970864C0B1CAB4D8</string><string>2753AC9F-F333-49B7-826139B08A60C777</string><string>8CFF27E4-099A-4379-BE8031C1A06F1991</string><string>3956DBDD-9E86-4F20-87D3A8BF7D5DA5CA</string><string>20F81DF7-5D0B-4F58-A64D529FF2EF7808</string><string>7F14F707-2852-4D72-8B22299DF48B0DAD</string><string>41C02338-77A1-46ED-B9CBA96C18D4ACD5</string><string>00000000000000000000000000000000001</string><string>1EA1293C-B7E5-423A-B9040441DA267A71</string><string>C38C3512-F003-4BAC-B1C48F13DF93214E</string><string>3956DBDD-9E86-4F20-87D3A8BF7D5DA5CA</string><string>859EAD10-ED86-47B0-AF90060199EBA0EC</string><string>0E9A8BF7-55A1-4ABA-A09473039D8B50C9</string><string>C0722150-2E93-484F-BAE2EC531E49568A</string><string>E6C60DD4-8C71-44D9-B16134A03E1A5ADE</string><string>89E37306-2980-4E1E-809194E8A8D0B420</string><string>D9D78952-E5AB-42A7-A93BE1FA19C52787</string><string>8479BAD8-D431-4A21-A5DA92C4DE9450B9</string><string>79DCF605-7F32-452A-997C1BE377F7EB66</string><string>00000000000000000000000000000000001</string><string>B3DE7390-30BB-49AA-A251BA73DA335572</string><string>2EF562BA-C51F-4374-A42423CA936AB54A</string><string>00000000000000000000000000000000001</string><string>F4C11176-E2C3-4618-9F3C2B7BA26BDEC6</string><string>B7EF4D89-4D5D-492D-A9E4432C1C257147</string><string>E439977F-FCA3-41E2-BEEFA708970C1121</string><string>58E0EB62-3342-4D7B-8C8CAAC42DAF076B</string><string>E8450B17-B31F-4338-B748634AC6554679</string><string>4246D8DC-6249-4453-B14822E2B20F98A0</string><string>E5B86450-9F3D-4AE8-84D8AF8D42148F68</string><string>00000000000000000000000000000000001</string><string>00000000000000000000000000000000001</string><string>D80B4AFD-53DF-42F6-886EAB658DCE20E4</string><string>29C0E16A-A913-42F5-8C7F8BED410D4310</string><string>991E5F73-6ABB-4B87-96810136A7D25C87</string><string>97923A48-8C09-415E-B8F416BFA54EAAD9</string><string>9F0C5400-65C0-4BD9-857C740145E5BEA3</string><string>5DFDC0F2-B8D7-486A-AAD9AB496EE966AD</string><string>5ACFF443-FF02-4826-86603CE7D305FECD</string><string>225DADEF-3BA8-4E62-B59C0BB249B2ED5F</string><string>F8545C37-CB53-46C7-B08D643AB53AA7EE</string><string>947065F7-6E37-41CB-8148D5F7EDF70C08</string><string>97923A48-8C09-415E-B8F416BFA54EAAD9</string><string>00000000000000000000000000000000001</string><string>8B6F83C4-2FDA-4CC1-9C058169261564AA</string><string>1192DEF7-FCB0-4D35-8FDA34A5B429536C</string><string>FF32D135-7585-4CF9-B18B97202EC1CDB4</string><string>3EE06FA2-F802-4A99-AB8233CC1B866BAC</string><string>0401984D-7096-43F0-B226AE69CFF0CA5F</string><string>79918F5F-BDAD-45E0-B22F35EA1BBC1597</string><string>2EDADEDD-DA7C-4F8C-8EB1AA10EC446011</string><string>5BFD109E-982D-4447-88BB43DEDAB2DC73</string><string>677F5109-031E-443F-8DCEDA916A0E1416</string><string>44E47D56-48BE-4D64-A99F706289761C6A</string><string>CEB5F07A-2FB3-4847-BCD2EA1766489991</string><string>33183BB1-96F4-4D35-9848934600E1AF1B</string><string>1D40C08F-2654-411A-A4784275CC903080</string><string>00000000000000000000000000000000001</string><string>00000000000000000000000000000000001</string><string>5B14402D-FBEE-4810-8DFB1B16FD0D53A7</string><string>BADFDB13-BB8A-435B-9E21C3C59529ADA7</string><string>00000000000000000000000000000000001</string><string>5FE1136A-1F9E-4001-BC8BE941D2C43A3A</string><string>1AA35F0F-EBF4-4E8C-BE8E3A76A7DDA251</string><string>F22BA073-21B1-4D6E-867DB149021103EE</string><string>0E9A8BF7-55A1-4ABA-A09473039D8B50C9</string><string>00000000000000000000000000000000001</string><string>827AD0D2-8C30-4BCC-89E56D616A07C8E0</string><string>735D4949-0C24-403C-8E17CFE65C51E80B</string><string>8CFF27E4-099A-4379-BE8031C1A06F1991</string><string>FFA2F6A8-B272-43C4-B9CF4FBBFA034C5F</string><string>787ECA2D-82FE-4DC0-83C06AB486DB58FE</string><string>163A6908-12EB-48DC-94C22E1F6D7B9428</string><string>6A4A226C-A1E9-443F-A10ADF06DD796192</string><string>5EA856A2-ABAD-461E-A10DF99D55B13084</string><string>1F9704A8-7D00-4599-BFDE22891E1F0F08</string><string>D1BF7CC5-DE5D-4523-84CA71C71615A007</string><string>43C34CAE-3839-45B5-B9E67268B9DC30C3</string><string>FB8B530A-6BF0-4BF6-8BDC43A1D6812CC7</string><string>4DA3580E-03B3-459C-B9968C77A92FA26C</string><string>941C0BDC-4086-444E-BB662D8CB382BF55</string><string>99F306FA-79DE-472A-ABD5A6F1DFA913EE</string><string>00000000000000000000000000000000001</string><string>00000000000000000000000000000000001</string><string>1DABD588-AAD0-47AA-ABC32D5300C08053</string><string>00000000000000000000000000000000001</string><string>7423E076-B6D3-4316-81003EE4C9D7CB89</string><string>B0776C71-DBB0-49C8-843EAF45F7111196</string><string>CFDA566E-1B2D-4282-A18B5F059C1DF930</string><string>00000000000000000000000000000000001</string><string>89E37306-2980-4E1E-809194E8A8D0B420</string><string>8CFF27E4-099A-4379-BE8031C1A06F1991</string><string>E8C43899-09F5-469E-A92F7B0E86E4A148</string><string>00000000000000000000000000000000001</string><string>1AFB14D1-719E-48BE-95BB15299A7C89A1</string><string>00000000000000000000000000000000001</string><string>F43ADF4E-7E6B-41DD-9478A35BEDD3D3D3</string><string>C8000739-32B3-48C7-B0391BB687AE93D3</string><string>5EDF54BF-5005-4E32-B3A07A46DB38E1A1</string><string>6C0A0D1F-E3E8-4096-AF85D1B481E86320</string><string>06885ACD-691F-431A-BCC24E2490FE5D4C</string><string>9A506C59-BB34-43FF-BE636E6FF284D7CA</string></field><field name='FILENAME'><string>where-do-i-start/themes-directory</string><string>mura-objects/system-display-objects</string><string>mura-objects/system-display-objects/user-favorites</string><string>photo-gallery/istock-unfinished-business-4-jpg</string><string>mura-objects/system-display-objects/user-tools</string><string>news/life-as-a-lifeguard-not-so-good</string><string>mura-objects/calendar/mura-cms-u-s-training</string><null/><string>about/photo-gallery/photo-1417436183232-5748bd9f144e-jpeg</string><string>temp-news/altitude-training-does-it-work</string><string>test-section/test-page</string><string>blog/i-met-my-wife-in-san-francisco-or-did-i</string><null/><string>spanish-about/about</string><string>news/sleeping-outside-on-hot-summer-nights</string><string>about</string><string>news/build-a-winning-team</string><null/><string>mura-objects/navigation-examples</string><null/><string>temp-news/life-as-a-lifeguard-not-so-good</string><string>events/first-day-of-summer</string><string>news/surfboarding-to-be-restricted-during-weekend-hours</string><null/><string>blog/why-i-no-longer-let-my-kids-play-with-bubbles</string><string>test</string><string>about/annual-reports/2015-annual-report</string><string>events/first-day-of-winter-2015</string><string>mura-objects/system-display-objects/site-map</string><string>events/first-day-of-fall</string><string>news/birds-apparently-know-much-more-than-we-imagined</string><string>photo-gallery/istock-unfinished-business-7-jpg</string><string>about</string><string>photo-gallery/istock-unfinished-business-hed-2015-jpg</string><null/><string>about/photo-gallery</string><string>events/first-day-of-winter</string><string>news/altitude-training-does-it-work</string><string>news/woman-discovered-running-nowhere-in-general</string><string>news/cold-as-ice</string><null/><null/><string>events/new-years-day</string><string>about</string><string>contact-us</string><null/><string>events/first-day-of-fall-2016</string><string>contact</string><string>news</string><string>blog/my-first-time-surfing-i-didn-t-surf</string><string>news/wow-what-a-view</string><string>temp-news/small-town-carnival-almost-ready</string><null/><string>news/woman-looks-forward-to-getting-lost-in-the-woods</string><string>about-us/board-of-directors</string><string>photo-gallery/istock-unfinished-business-8-jpg</string><string>news/people-getting-lost-in-the-woods-on-purpose</string><null/><null/><string>photo-gallery/istock-unfinished-business-10-jpg</string><string>font-awesome</string><null/><string>mura-objects/system-display-objects/related-content</string><string>photo-gallery/istock-unfinished-business-6-jpg</string><null/><string>photo-gallery</string><string>news/altitude-training-does-it-work</string><string>blog</string><string>about-us/board-of-directors/john-doe</string><string>about/photo-gallery/1d8ef901-jpeg</string><string>about/photo-gallery/photo-1418290368169-1c94e6683532-jpeg</string><string>about/protected-area/test/temp</string><string>events/first-day-of-winter-2016</string><string>mura-objects</string><string>photo-gallery/istock-unfinished-business-3-jpg</string><string>news/sleeping-outside-on-hot-summer-nights</string><string>temp-news/sleeping-outside-on-hot-summer-nights</string><string>news/the-great-outdoors</string><null/><string>spanish-about</string><null/><string>about/test-link</string><string>news/not-all-wine-comes-from-california-after-all</string><null/><null/><string>events</string><string>bootstrap</string><string>blog/why-i-only-sleep-for-three-hours-per-day-and-stay-up-all-night</string><string>about/annual-reports/2013-annual-report</string><string>events/launch-mura-7</string><string>mura-objects/calendar/mura-cms-u-k-training</string><string>about/protected-area/sample-page</string><null/><string>news/ride-the-wave</string><string>photo-gallery/istock-unfinished-business-1-jpg</string><string>about/annual-reports/2013-annual-report1</string><string>temp-news</string><string>news/housing-market-finally-taking-a-turn-for-the-better</string><string>about/protected-area</string><string>about/photo-gallery/photo-1417026792760-4002c893cfa0-jpeg</string><string>news/developer-discovered-writing-code-from-scratch</string><string>section-test</string><string>events/mura-cms-u-s-training1</string><string>blog/my-wife-hates-my-ride</string><null/><string>events/first-day-of-summer-2015</string><string>board-of-directors</string><null/><string>about/mura-cms-support</string><string>photo-gallery/istock-unfinished-business-12-jpg</string><string>about</string><string>font-awesome</string><string>news</string><string>about/photo-gallery/photo-1417434743061-9873e0beaed6-jpeg</string><string>mura-objects/system-display-objects/accept-comments</string><null/><null/><string>mura-objects</string><string>mura-objects/calendar</string><string>contact</string><string>news/a-day-in-paradise</string><string>news</string><string>events/mura-cms-u-k-training</string><string>events/first-day-of-summer-2016</string><string>about/photo-gallery/photo-1417026846249-f31f7e43fc35-jpeg</string><string>blog/requirements-estimating-keep-your-projects-in-the-black</string><string>news/small-town-carnival-almost-ready</string><string>news/the-rise-of-coworking</string><null/><string>photo-gallery/istock-unfinished-business-9-jpg</string><string>blog/i-wear-a-necklace-cause-i-wanna-know-when-i-m-upside-down</string><string>mura-objects</string><string>blog/should-schools-to-tear-down-playgrounds-since-kids-no-longer-know-how-to-play-on-them</string><string>photo-gallery/istock-unfinished-business-5-jpg</string><string>about/photo-gallery/photo-1415938631621-bc6316bd55f1-jpeg</string><string>about/protected-area/test</string><string>404</string><string>test-section</string><string>bootstrap</string><string>overview</string><string>about/photo-gallery/photo-1415628630193-e0372232b489-jpeg</string><string>section-test/test-page</string><null/><null/><string>about/test-page</string><string>about/photo-gallery/photo-1415860407914-fe42e09b4f77-jpeg</string><null/><string>home</string><string>about-us</string><string>about/annual-reports/2016-annual-report</string><string>news/woman-discovered-running-nowhere-in-particular</string><null/><string>events</string><string>test-page</string><string>blog/this-is-how-i-became-a-vampire</string><string>events/mura-cms-u-s-training</string><string>board-of-directors/matt</string><string>blog/confessions-of-a-travel-addict</string><string>news/the-numbers-are-in</string><string>about/photo-gallery/photo-1418290446909-26cf5877e5e8-jpeg</string><string>photo-gallery/istock-unfinished-business-11-jpg</string><string>where-do-i-start/siteid</string><string>mura-objects/syntax-highlighting</string><string>blog/why-you-should-go-ballooning</string><string>events/first-day-of-fall-2015</string><string>site-map</string><string>site-map</string><null/><null/><string>events/first-day-of-spring-2015</string><null/><string>events/first-day-of-spring-2017</string><string>temp-news/snow-machines-run-as-winter-winds-down</string><string>blog</string><null/><string>news/surfing-to-be-restricted-during-weekend-hours</string><string>blog/top-20-reasons-i-make-fun-of-my-kid</string><string>about/annual-reports/2014-annual-report</string><null/><string>news/snow-machines-run-as-winter-winds-down</string><null/><string>about-us/our-history</string><string>where-do-i-start</string><string>404</string><string>news/the-power-of-4</string><string>blog/i-wear-a-necklace-cause-i-wanna-know-when-i-m-upside-down</string><string>about/annual-reports</string></field></recordset></data></wddxPacket>
