<wddxPacket version='1.0'><header/><data><recordset rowCount='22' fieldNames='TAGID,CONTENTHISTID,CONTENTID,SITEID,TAG,TAGGROUP' type='coldfusion.sql.QueryTable'><field name='TAGID'><number>1.0</number><number>2.0</number><number>3.0</number><number>4.0</number><number>5.0</number><number>6.0</number><number>7.0</number><number>8.0</number><number>9.0</number><number>10.0</number><number>11.0</number><number>12.0</number><number>13.0</number><number>14.0</number><number>15.0</number><number>16.0</number><number>17.0</number><number>18.0</number><number>19.0</number><number>20.0</number><number>21.0</number><number>22.0</number></field><field name='CONTENTHISTID'><string>F0DEA02E-0A0D-B38E-D422A2486908F7AC</string><string>F0DEA02E-0A0D-B38E-D422A2486908F7AC</string><string>F0DEA20A-F407-67C2-4D11C339195925FA</string><string>F0DEA20A-F407-67C2-4D11C339195925FA</string><string>F0DEAF7B-D7B3-81D1-BA6A4363DC921551</string><string>F0DEAF7B-D7B3-81D1-BA6A4363DC921551</string><string>F0DEB154-A296-17FF-FD2F5ACBA58FABB1</string><string>F0DEB154-A296-17FF-FD2F5ACBA58FABB1</string><string>F0DEBC3C-EED6-B8AC-A22FB5BB2246C6A6</string><string>F0DEBC3C-EED6-B8AC-A22FB5BB2246C6A6</string><string>F0DEBC7D-F554-8B1A-C3AAC72B8631D873</string><string>F0DEBC7D-F554-8B1A-C3AAC72B8631D873</string><string>F0DEBC7D-F554-8B1A-C3AAC72B8631D873</string><string>F0DEBC7D-F554-8B1A-C3AAC72B8631D873</string><string>F0DEBC9B-F180-4C1D-8412C9BB04DA1F89</string><string>F0DEBC9B-F180-4C1D-8412C9BB04DA1F89</string><string>F0DEBC9B-F180-4C1D-8412C9BB04DA1F89</string><string>F0DEBCD0-D46D-F742-AE5196AAC30F0A4A</string><string>F0DEBCD0-D46D-F742-AE5196AAC30F0A4A</string><string>F0DEBCF7-A79C-A2A8-E90A633BFC5FD536</string><string>F0DEBCF7-A79C-A2A8-E90A633BFC5FD536</string><string>F0DEBCF7-A79C-A2A8-E90A633BFC5FD536</string></field><field name='CONTENTID'><string>F0DEA02F-E330-63FA-D7BD03A908596D3C</string><string>F0DEA02F-E330-63FA-D7BD03A908596D3C</string><string>F0DEA20C-93CA-E179-939AEFF34A7ED715</string><string>F0DEA20C-93CA-E179-939AEFF34A7ED715</string><string>F0DEAF7C-A4ED-FF57-FB8A6930F73B460C</string><string>F0DEAF7C-A4ED-FF57-FB8A6930F73B460C</string><string>F0DEB155-CA67-9C55-7D9143CF2BA01D6C</string><string>F0DEB155-CA67-9C55-7D9143CF2BA01D6C</string><string>F0DEBC3E-DF0F-1493-F7CCE2B617959DC7</string><string>F0DEBC3E-DF0F-1493-F7CCE2B617959DC7</string><string>F0DEBC7F-E54C-BCF1-D197DBACABBAEA4D</string><string>F0DEBC7F-E54C-BCF1-D197DBACABBAEA4D</string><string>F0DEBC7F-E54C-BCF1-D197DBACABBAEA4D</string><string>F0DEBC7F-E54C-BCF1-D197DBACABBAEA4D</string><string>F0DEBC9C-EBF0-3CA9-E51E48985C36CBF1</string><string>F0DEBC9C-EBF0-3CA9-E51E48985C36CBF1</string><string>F0DEBC9C-EBF0-3CA9-E51E48985C36CBF1</string><string>F0DEBCD4-FFD5-1662-AD26AB41BF3D4672</string><string>F0DEBCD4-FFD5-1662-AD26AB41BF3D4672</string><string>F0DEBCF8-9CD4-C425-113686F4989DCEB2</string><string>F0DEBCF8-9CD4-C425-113686F4989DCEB2</string><string>F0DEBCF8-9CD4-C425-113686F4989DCEB2</string></field><field name='SITEID'><string>default                  </string><string>default                  </string><string>default                  </string><string>default                  </string><string>default                  </string><string>default                  </string><string>default                  </string><string>default                  </string><string>default                  </string><string>default                  </string><string>default                  </string><string>default                  </string><string>default                  </string><string>default                  </string><string>default                  </string><string>default                  </string><string>default                  </string><string>default                  </string><string>default                  </string><string>default                  </string><string>default                  </string><string>default                  </string></field><field name='TAG'><string>school</string><string>kids</string><string>fun</string><string>kids</string><string>travel</string><string>fun</string><string>fun</string><string>travel</string><string>Concert</string><string>Music</string><string>Coworking</string><string>Synergy</string><string>Networking</string><string>Productivity</string><string>Nature</string><string>Landscape</string><string>Outdoors</string><string>Surfing</string><string>Outdoors</string><string>Nature</string><string>Outdoors</string><string>Trees</string></field><field name='TAGGROUP'><null/><null/><null/><null/><null/><null/><null/><null/><string>News</string><string>News</string><string>News</string><string>News</string><string>News</string><string>News</string><string>News</string><string>News</string><string>News</string><string>News</string><string>News</string><string>News</string><string>News</string><string>News</string></field></recordset></data></wddxPacket>
