<wddxPacket version='1.0'><header/><data><recordset rowCount='10' fieldNames='CATEGORYID,SITEID,PARENTID,DATECREATED,LASTUPDATE,LASTUPDATEBY,NAME,NOTES,ISINTERESTGROUP,ISACTIVE,ISOPEN,SORTBY,SORTDIRECTION,RESTRICTGROUPS,PATH,REMOTEID,REMOTESOURCEURL,REMOTEPUBDATE,URLTITLE,FILENAME,ISFEATUREABLE' type='coldfusion.sql.QueryTable'><field name='CATEGORYID'><string>F0DEC2DD-9047-434C-13B735A5163A7E5B</string><string>F0DEC305-CB45-B6CB-124FA3B8803FF7BA</string><string>F0DEC326-C8AC-FF54-9096D6F83A23C37B</string><string>F0DEC367-F4DC-571C-881D2EAD979990DE</string><string>F0DEC389-AC3E-ACC2-B63F1A932561CAB2</string><string>F0DEC4FD-BF9E-50C0-322540026DE6090A</string><string>F0DEC537-A464-D591-0A4E3B550C8E0E22</string><string>F0DEC54A-D6F7-3650-D9148CB17C406D9A</string><string>F0DEC587-EE3C-A6BC-936197F649B7C413</string><string>F0DEC5A1-ABFF-8726-626512641D83AE44</string></field><field name='SITEID'><string>default</string><string>default</string><string>default</string><string>default</string><string>default</string><string>default</string><string>default</string><string>default</string><string>default</string><string>default</string></field><field name='PARENTID'><string>F0DEC4FD-BF9E-50C0-322540026DE6090A</string><string>F0DEC4FD-BF9E-50C0-322540026DE6090A</string><string>F0DEC4FD-BF9E-50C0-322540026DE6090A</string><string>F0DEC4FD-BF9E-50C0-322540026DE6090A</string><string>F0DEC4FD-BF9E-50C0-322540026DE6090A</string><null/><string>F0DEC4FD-BF9E-50C0-322540026DE6090A</string><string>F0DEC4FD-BF9E-50C0-322540026DE6090A</string><string>F0DEC4FD-BF9E-50C0-322540026DE6090A</string><string>F0DEC4FD-BF9E-50C0-322540026DE6090A</string></field><field name='DATECREATED'><dateTime>2012-11-27T16:11:00+00:00</dateTime><dateTime>2012-11-27T16:09:49+00:00</dateTime><dateTime>2012-11-27T16:13:03+00:00</dateTime><dateTime>2012-11-27T16:12:39+00:00</dateTime><dateTime>2013-09-21T00:39:24+00:00</dateTime><dateTime>2012-11-27T16:09:32+00:00</dateTime><dateTime>2012-11-27T16:10:10+00:00</dateTime><dateTime>2012-11-27T19:36:20+00:00</dateTime><dateTime>2012-11-27T16:10:32+00:00</dateTime><dateTime>2012-11-27T16:10:19+00:00</dateTime></field><field name='LASTUPDATE'><dateTime>2012-11-27T16:11:00+00:00</dateTime><dateTime>2012-11-27T16:09:49+00:00</dateTime><dateTime>2012-11-27T16:13:03+00:00</dateTime><dateTime>2012-11-27T16:12:39+00:00</dateTime><dateTime>2013-09-21T00:39:24+00:00</dateTime><dateTime>2012-11-27T16:09:32+00:00</dateTime><dateTime>2012-11-27T16:10:10+00:00</dateTime><dateTime>2012-11-27T19:36:20+00:00</dateTime><dateTime>2012-11-27T16:10:32+00:00</dateTime><dateTime>2012-11-27T16:10:19+00:00</dateTime></field><field name='LASTUPDATEBY'><string>Steve Withington</string><string>Steve Withington</string><string>Steve Withington</string><string>Steve Withington</string><string>Steve Withington</string><string>Steve Withington</string><string>Steve Withington</string><string>Steve Withington</string><string>Steve Withington</string><string>Steve Withington</string></field><field name='NAME'><string>Arts &amp; Culture</string><string>Business</string><string>Health &amp; Science</string><string>Opinion</string><string>Weather</string><string>News Categories</string><string>Politics</string><string>Technology</string><string>World News</string><string>Local News</string></field><field name='NOTES'><null/><null/><null/><null/><null/><null/><null/><null/><null/><null/></field><field name='ISINTERESTGROUP'><number>1.0</number><number>1.0</number><number>1.0</number><number>1.0</number><number>1.0</number><number>0.0</number><number>1.0</number><number>1.0</number><number>1.0</number><number>1.0</number></field><field name='ISACTIVE'><number>1.0</number><number>1.0</number><number>1.0</number><number>1.0</number><number>1.0</number><number>1.0</number><number>1.0</number><number>1.0</number><number>1.0</number><number>1.0</number></field><field name='ISOPEN'><number>1.0</number><number>1.0</number><number>1.0</number><number>1.0</number><number>1.0</number><number>0.0</number><number>1.0</number><number>1.0</number><number>1.0</number><number>1.0</number></field><field name='SORTBY'><string>orderno</string><string>orderno</string><string>orderno</string><string>orderno</string><string>orderno</string><string>orderno</string><string>orderno</string><string>orderno</string><string>orderno</string><string>orderno</string></field><field name='SORTDIRECTION'><string>asc</string><string>asc</string><string>asc</string><string>asc</string><string>asc</string><string>asc</string><string>asc</string><string>asc</string><string>asc</string><string>asc</string></field><field name='RESTRICTGROUPS'><null/><null/><null/><null/><null/><null/><null/><null/><null/><null/></field><field name='PATH'><string>F0DEC4FD-BF9E-50C0-322540026DE6090A,F0DEC2DD-9047-434C-13B735A5163A7E5B</string><string>F0DEC4FD-BF9E-50C0-322540026DE6090A,F0DEC305-CB45-B6CB-124FA3B8803FF7BA</string><string>F0DEC4FD-BF9E-50C0-322540026DE6090A,F0DEC326-C8AC-FF54-9096D6F83A23C37B</string><string>F0DEC4FD-BF9E-50C0-322540026DE6090A,F0DEC367-F4DC-571C-881D2EAD979990DE</string><string>F0DEC4FD-BF9E-50C0-322540026DE6090A,F0DEC389-AC3E-ACC2-B63F1A932561CAB2</string><string>F0DEC4FD-BF9E-50C0-322540026DE6090A</string><string>F0DEC4FD-BF9E-50C0-322540026DE6090A,F0DEC537-A464-D591-0A4E3B550C8E0E22</string><string>F0DEC4FD-BF9E-50C0-322540026DE6090A,F0DEC54A-D6F7-3650-D9148CB17C406D9A</string><string>F0DEC4FD-BF9E-50C0-322540026DE6090A,F0DEC587-EE3C-A6BC-936197F649B7C413</string><string>F0DEC4FD-BF9E-50C0-322540026DE6090A,F0DEC5A1-ABFF-8726-626512641D83AE44</string></field><field name='REMOTEID'><null/><null/><null/><null/><null/><null/><null/><null/><null/><null/></field><field name='REMOTESOURCEURL'><null/><null/><null/><null/><null/><null/><null/><null/><null/><null/></field><field name='REMOTEPUBDATE'><null/><null/><null/><null/><null/><null/><null/><null/><null/><null/></field><field name='URLTITLE'><string>arts-culture</string><string>business</string><string>health-science</string><string>opinion</string><string>weather</string><string>news-categories</string><string>politics</string><string>technology</string><string>world-news</string><string>local-news</string></field><field name='FILENAME'><string>news-categories/arts-culture</string><string>news-categories/business</string><string>news-categories/health-science</string><string>news-categories/opinion</string><string>news-categories/weather</string><string>news-categories</string><string>news-categories/politics</string><string>news-categories/technology</string><string>news-categories/world-news</string><string>news-categories/local-news</string></field><field name='ISFEATUREABLE'><number>1.0</number><number>1.0</number><number>1.0</number><number>1.0</number><number>1.0</number><number>0.0</number><number>1.0</number><number>1.0</number><number>1.0</number><number>1.0</number></field></recordset></data></wddxPacket>
