<wddxPacket version='1.0'><header/><data><recordset rowCount='2' fieldNames='PARAMID,FEEDID,PARAM,RELATIONSHIP,FIELD,CONDITION,CRITERIA,DATATYPE' type='coldfusion.sql.QueryTable'><field name='PARAMID'><string>F0DEC766-BD83-E563-71DC55EA901F88DB</string><string>F0DEC788-DC2B-7C85-B97ECA50CB527E26</string></field><field name='FEEDID'><string>F0DEBEC1-AD95-3767-71B274D1A3968CD7</string><string>F0DEC6C4-E894-504D-C1E533AD2DB3A6D5</string></field><field name='PARAM'><number>1.0</number><number>1.0</number></field><field name='RELATIONSHIP'><string>and</string><string>and</string></field><field name='FIELD'><null/><null/></field><field name='CONDITION'><string>Equals</string><string>Equals</string></field><field name='CRITERIA'><null/><null/></field><field name='DATATYPE'><string>varchar</string><string>varchar</string></field></recordset></data></wddxPacket>
