<wddxPacket version='1.0'><header/><data><recordset rowCount='3' fieldNames='CONTENTID,ASSIGNMENTID,EXEMPTID,CHAINID,SITEID' type='coldfusion.sql.QueryTable'><field name='contentID'><string>00000000000000000000000000000000001</string><string>00000000000000000000000000000000004</string><string>00000000000000000000000000000000003</string></field><field name='assignmentID'><string>0E43B0D2-D1C7-4CF9-93E157D4467A283F</string><string>523406F5-F105-41B1-9BA6EA8C107D3C4A</string><string>6220BE3F-9DB5-4642-B9338AE498FE97C1</string></field><field name='exemptID'><string>59C30321-0173-49D7-ADD9D3D6F1118D31</string><string>59C30321-0173-49D7-ADD9D3D6F1118D31</string><string>59C30321-0173-49D7-ADD9D3D6F1118D31</string></field><field name='chainID'><string>466FBF5B-1885-4689-B1E3A6B9549ECB48</string><string>466FBF5B-1885-4689-B1E3A6B9549ECB48</string><string>466FBF5B-1885-4689-B1E3A6B9549ECB48</string></field><field name='siteID'><string>default</string><string>default</string><string>default</string></field></recordset></data></wddxPacket>
