<wddxPacket version='1.0'><header/><data><recordset rowCount='3' fieldNames='BOOKID,AUTHORID,SITEID,BOOKSAUTHORSRELATIONSHIPSID' type='coldfusion.sql.QueryTable'><field name='BOOKID'><string>222C161E-98F8-0ABA-87FC1036357F1E61</string><string>222C161E-98F8-0ABA-87FC1036357F1E61</string><string>22342318-F64B-2170-242E38BF41739170</string></field><field name='AUTHORID'><string>223C76FF-E758-624C-0110A9F64D7070DB</string><string>223DE41A-C810-1E35-54A0A4E401D8F99C</string><string>223C76FF-E758-624C-0110A9F64D7070DB</string></field><field name='SITEID'><string>default</string><string>default</string><string>default</string></field><field name='BOOKSAUTHORSRELATIONSHIPSID'><string>49584464-F7F7-FB78-22AD74D83E9825CC</string><string>4AC4DE47-DAD0-18D9-31AD8CDFEEAF6B34</string><string>4AC6B293-C63A-B3D6-22763E36AE69030C</string></field></recordset></data></wddxPacket>
