<wddxPacket version='1.0'><header/><data><recordset rowCount='9' fieldNames='CONTENTHISTID,CATEGORYID,CONTENTID,ISFEATURE,ORDERNO,SITEID,FEATURESTART,FEATURESTOP' type='coldfusion.sql.QueryTable'><field name='CONTENTHISTID'><string>F0DEBC3C-EED6-B8AC-A22FB5BB2246C6A6</string><string>F0DEBC7D-F554-8B1A-C3AAC72B8631D873</string><string>F0DEBC9B-F180-4C1D-8412C9BB04DA1F89</string><string>F0DEBC9B-F180-4C1D-8412C9BB04DA1F89</string><string>F0DEBCD0-D46D-F742-AE5196AAC30F0A4A</string><string>F0DEBCD0-D46D-F742-AE5196AAC30F0A4A</string><string>F0DEBCF7-A79C-A2A8-E90A633BFC5FD536</string><string>F0DEBCF7-A79C-A2A8-E90A633BFC5FD536</string><string>F0DEBCF7-A79C-A2A8-E90A633BFC5FD536</string></field><field name='CATEGORYID'><string>F0DEC2DD-9047-434C-13B735A5163A7E5B</string><string>F0DEC305-CB45-B6CB-124FA3B8803FF7BA</string><string>F0DEC2DD-9047-434C-13B735A5163A7E5B</string><string>F0DEC367-F4DC-571C-881D2EAD979990DE</string><string>F0DEC2DD-9047-434C-13B735A5163A7E5B</string><string>F0DEC326-C8AC-FF54-9096D6F83A23C37B</string><string>F0DEC2DD-9047-434C-13B735A5163A7E5B</string><string>F0DEC367-F4DC-571C-881D2EAD979990DE</string><string>F0DEC389-AC3E-ACC2-B63F1A932561CAB2</string></field><field name='CONTENTID'><string>F0DEBC3E-DF0F-1493-F7CCE2B617959DC7</string><string>F0DEBC7F-E54C-BCF1-D197DBACABBAEA4D</string><string>F0DEBC9C-EBF0-3CA9-E51E48985C36CBF1</string><string>F0DEBC9C-EBF0-3CA9-E51E48985C36CBF1</string><string>F0DEBCD4-FFD5-1662-AD26AB41BF3D4672</string><string>F0DEBCD4-FFD5-1662-AD26AB41BF3D4672</string><string>F0DEBCF8-9CD4-C425-113686F4989DCEB2</string><string>F0DEBCF8-9CD4-C425-113686F4989DCEB2</string><string>F0DEBCF8-9CD4-C425-113686F4989DCEB2</string></field><field name='ISFEATURE'><number>0.0</number><number>0.0</number><number>0.0</number><number>0.0</number><number>0.0</number><number>0.0</number><number>0.0</number><number>0.0</number><number>0.0</number></field><field name='ORDERNO'><number>0.0</number><number>0.0</number><number>0.0</number><number>0.0</number><number>0.0</number><number>0.0</number><number>0.0</number><number>0.0</number><number>0.0</number></field><field name='SITEID'><string>default</string><string>default</string><string>default</string><string>default</string><string>default</string><string>default</string><string>default</string><string>default</string><string>default</string></field><field name='FEATURESTART'><null/><null/><null/><null/><null/><null/><null/><null/><null/></field><field name='FEATURESTOP'><null/><null/><null/><null/><null/><null/><null/><null/><null/></field></recordset></data></wddxPacket>
