<wddxPacket version='1.0'><header/><data><recordset rowCount='10' fieldNames='CATEGORYID,SITEID,PARENTID,DATECREATED,LASTUPDATE,LASTUPDATEBY,NAME,NOTES,ISINTERESTGROUP,ISACTIVE,ISOPEN,SORTBY,SORTDIRECTION,RESTRICTGROUPS,PATH,REMOTEID,REMOTESOURCEURL,REMOTEPUBDATE,URLTITLE,FILENAME,ISFEATUREABLE' type='coldfusion.sql.QueryTable'><field name='CATEGORYID'><string>69BEDE67-E5D5-E02D-C86287C46FED3EF3</string><string>69BEDE8A-A5C3-7087-261CA6C3B091871D</string><string>69BEDEAA-E8D7-2A10-64FA62DE4344CCCF</string><string>69BEDEC5-AB5D-D037-205E1029ABA81E4D</string><string>69BEDEF8-FD89-22B9-6AB19374A816784E</string><string>69BEDFC6-A8A0-4DB6-D9194E926623BE69</string><string>69BEE069-9EB0-B286-420303AD706AD031</string><string>69BEE075-D230-4214-3236475C26BB6521</string><string>69BEE081-C772-F190-68578C0D1F529B71</string><string>69BEE08D-C11C-ED9E-B8A792D37C474B29</string></field><field name='SITEID'><string>default</string><string>default</string><string>default</string><string>default</string><string>default</string><string>default</string><string>default</string><string>default</string><string>default</string><string>default</string></field><field name='PARENTID'><string>69BEDFC6-A8A0-4DB6-D9194E926623BE69</string><string>69BEDFC6-A8A0-4DB6-D9194E926623BE69</string><string>69BEDFC6-A8A0-4DB6-D9194E926623BE69</string><string>69BEDFC6-A8A0-4DB6-D9194E926623BE69</string><string>69BEDFC6-A8A0-4DB6-D9194E926623BE69</string><null/><string>69BEDFC6-A8A0-4DB6-D9194E926623BE69</string><string>69BEDFC6-A8A0-4DB6-D9194E926623BE69</string><string>69BEDFC6-A8A0-4DB6-D9194E926623BE69</string><string>69BEDFC6-A8A0-4DB6-D9194E926623BE69</string></field><field name='DATECREATED'><dateTime>2012-11-27T16:11:00+00:00</dateTime><dateTime>2012-11-27T16:09:49+00:00</dateTime><dateTime>2012-11-27T16:12:39+00:00</dateTime><dateTime>2012-11-27T16:13:03+00:00</dateTime><dateTime>2013-09-21T00:39:24+00:00</dateTime><dateTime>2012-11-27T16:09:32+00:00</dateTime><dateTime>2012-11-27T16:10:10+00:00</dateTime><dateTime>2012-11-27T19:36:20+00:00</dateTime><dateTime>2012-11-27T16:10:32+00:00</dateTime><dateTime>2012-11-27T16:10:19+00:00</dateTime></field><field name='LASTUPDATE'><dateTime>2012-11-27T16:11:00+00:00</dateTime><dateTime>2012-11-27T16:09:49+00:00</dateTime><dateTime>2012-11-27T16:12:39+00:00</dateTime><dateTime>2012-11-27T16:13:03+00:00</dateTime><dateTime>2013-09-21T00:39:24+00:00</dateTime><dateTime>2012-11-27T16:09:32+00:00</dateTime><dateTime>2012-11-27T16:10:10+00:00</dateTime><dateTime>2012-11-27T19:36:20+00:00</dateTime><dateTime>2012-11-27T16:10:32+00:00</dateTime><dateTime>2012-11-27T16:10:19+00:00</dateTime></field><field name='LASTUPDATEBY'><string>Steve Withington</string><string>Steve Withington</string><string>Steve Withington</string><string>Steve Withington</string><string>Steve Withington</string><string>Steve Withington</string><string>Steve Withington</string><string>Steve Withington</string><string>Steve Withington</string><string>Steve Withington</string></field><field name='NAME'><string>Arts &amp; Culture</string><string>Business</string><string>Opinion</string><string>Health &amp; Science</string><string>Weather</string><string>News Categories</string><string>Politics</string><string>Technology</string><string>World News</string><string>Local News</string></field><field name='NOTES'><null/><null/><null/><null/><null/><null/><null/><null/><null/><null/></field><field name='ISINTERESTGROUP'><number>1.0</number><number>1.0</number><number>1.0</number><number>1.0</number><number>1.0</number><number>0.0</number><number>1.0</number><number>1.0</number><number>1.0</number><number>1.0</number></field><field name='ISACTIVE'><number>1.0</number><number>1.0</number><number>1.0</number><number>1.0</number><number>1.0</number><number>1.0</number><number>1.0</number><number>1.0</number><number>1.0</number><number>1.0</number></field><field name='ISOPEN'><number>1.0</number><number>1.0</number><number>1.0</number><number>1.0</number><number>1.0</number><number>0.0</number><number>1.0</number><number>1.0</number><number>1.0</number><number>1.0</number></field><field name='SORTBY'><string>orderno</string><string>orderno</string><string>orderno</string><string>orderno</string><string>orderno</string><string>orderno</string><string>orderno</string><string>orderno</string><string>orderno</string><string>orderno</string></field><field name='SORTDIRECTION'><string>asc</string><string>asc</string><string>asc</string><string>asc</string><string>asc</string><string>asc</string><string>asc</string><string>asc</string><string>asc</string><string>asc</string></field><field name='RESTRICTGROUPS'><null/><null/><null/><null/><null/><null/><null/><null/><null/><null/></field><field name='PATH'><string>69BEDFC6-A8A0-4DB6-D9194E926623BE69,69BEDE67-E5D5-E02D-C86287C46FED3EF3</string><string>69BEDFC6-A8A0-4DB6-D9194E926623BE69,69BEDE8A-A5C3-7087-261CA6C3B091871D</string><string>69BEDFC6-A8A0-4DB6-D9194E926623BE69,69BEDEAA-E8D7-2A10-64FA62DE4344CCCF</string><string>69BEDFC6-A8A0-4DB6-D9194E926623BE69,69BEDEC5-AB5D-D037-205E1029ABA81E4D</string><string>69BEDFC6-A8A0-4DB6-D9194E926623BE69,69BEDEF8-FD89-22B9-6AB19374A816784E</string><string>69BEDFC6-A8A0-4DB6-D9194E926623BE69</string><string>69BEDFC6-A8A0-4DB6-D9194E926623BE69,69BEE069-9EB0-B286-420303AD706AD031</string><string>69BEDFC6-A8A0-4DB6-D9194E926623BE69,69BEE075-D230-4214-3236475C26BB6521</string><string>69BEDFC6-A8A0-4DB6-D9194E926623BE69,69BEE081-C772-F190-68578C0D1F529B71</string><string>69BEDFC6-A8A0-4DB6-D9194E926623BE69,69BEE08D-C11C-ED9E-B8A792D37C474B29</string></field><field name='REMOTEID'><null/><null/><null/><null/><null/><null/><null/><null/><null/><null/></field><field name='REMOTESOURCEURL'><null/><null/><null/><null/><null/><null/><null/><null/><null/><null/></field><field name='REMOTEPUBDATE'><null/><null/><null/><null/><null/><null/><null/><null/><null/><null/></field><field name='URLTITLE'><string>arts-culture</string><string>business</string><string>opinion</string><string>health-science</string><string>weather</string><string>news-categories</string><string>politics</string><string>technology</string><string>world-news</string><string>local-news</string></field><field name='FILENAME'><string>news-categories/arts-culture</string><string>news-categories/business</string><string>news-categories/opinion</string><string>news-categories/health-science</string><string>news-categories/weather</string><string>news-categories</string><string>news-categories/politics</string><string>news-categories/technology</string><string>news-categories/world-news</string><string>news-categories/local-news</string></field><field name='ISFEATUREABLE'><number>1.0</number><number>1.0</number><number>1.0</number><number>1.0</number><number>1.0</number><number>0.0</number><number>1.0</number><number>1.0</number><number>1.0</number><number>1.0</number></field></recordset></data></wddxPacket>
