<wddxPacket version='1.0'><header/><data><recordset rowCount='6' fieldNames='CONTENTHISTID,RELATEDID,CONTENTID,SITEID,RELATEDCONTENTSETID,ORDERNO,RELATEDCONTENTID' type='coldfusion.sql.QueryTable'><field name='contentHistID'><string>38C8A4CE-2B73-44D5-A82D11AED453233B</string><string>38C8A4CE-2B73-44D5-A82D11AED453233B</string><string>B194E3F8-FBB0-4017-88E14BBCD9BF0527</string><string>38C8A4CE-2B73-44D5-A82D11AED453233B</string><string>C995E443-AF3E-4F76-A58072957B73337E</string><string>38C8A4CE-2B73-44D5-A82D11AED453233B</string></field><field name='relatedID'><string>D19115B1-4FB1-49CD-8FD663D160674855</string><string>A5C60AB6-00D2-42F1-B13507D0AC3C6797</string><string>8B85F884-4B26-41E0-BC814855370F59B2</string><string>85AE861A-5E94-4555-B0ED0B467D221E1F</string><string>FDB090EA-ED94-43F4-9FE75C50C43A5820</string><string>E102CCF8-EB5E-407D-98B96F4FF3C8BB6A</string></field><field name='contentID'><string>B0E79615-B7DC-44FE-9245E4343F61FFE2</string><string>B0E79615-B7DC-44FE-9245E4343F61FFE2</string><string>FDB090EA-ED94-43F4-9FE75C50C43A5820</string><string>B0E79615-B7DC-44FE-9245E4343F61FFE2</string><string>69BF4461-E2EB-4936-8F76419DE7D8D573</string><string>B0E79615-B7DC-44FE-9245E4343F61FFE2</string></field><field name='siteID'><string>default</string><string>default</string><string>default</string><string>default</string><string>default</string><string>default</string></field><field name='relatedContentSetID'><string>00000000000000000000000000000000000</string><string>00000000000000000000000000000000000</string><string>00000000000000000000000000000000000</string><string>00000000000000000000000000000000000</string><string>00000000000000000000000000000000000</string><string>00000000000000000000000000000000000</string></field><field name='orderNo'><number>1.0</number><number>5.0</number><number>2.0</number><number>4.0</number><number>1.0</number><number>3.0</number></field><field name='relatedContentID'><number>1.0</number><number>3.0</number><number>4.0</number><number>5.0</number><number>7.0</number><number>8.0</number></field></recordset></data></wddxPacket>
