<wddxPacket version='1.0'><header/><data><recordset rowCount='9' fieldNames='CONTENTHISTID,CATEGORYID,CONTENTID,ISFEATURE,ORDERNO,SITEID,FEATURESTART,FEATURESTOP' type='coldfusion.sql.QueryTable'><field name='CONTENTHISTID'><string>A54B83B4-BDCD-95E2-E597DE042C3464BA</string><string>A54B83E6-AD49-44B3-4B139AA21B96C8CA</string><string>A54B840B-FA02-C3FD-280CFFA6897C58A8</string><string>A54B840B-FA02-C3FD-280CFFA6897C58A8</string><string>A54B8434-91D9-FDAC-A391A5D4ED14539F</string><string>A54B8434-91D9-FDAC-A391A5D4ED14539F</string><string>A54B846C-CA5C-C0A1-F24D638919D02BF6</string><string>A54B846C-CA5C-C0A1-F24D638919D02BF6</string><string>A54B846C-CA5C-C0A1-F24D638919D02BF6</string></field><field name='CATEGORYID'><string>A54B98C9-C250-E072-53DA514D7C937C33</string><string>A54B98DD-083E-694B-7FBC0DCB106550EF</string><string>A54B98C9-C250-E072-53DA514D7C937C33</string><string>A54B9910-0F31-B800-B3612A2DE2F349B8</string><string>A54B98C9-C250-E072-53DA514D7C937C33</string><string>A54B993C-BD4A-D8FC-8661E1D08C4FF86F</string><string>A54B98C9-C250-E072-53DA514D7C937C33</string><string>A54B9910-0F31-B800-B3612A2DE2F349B8</string><string>A54B9986-F52B-67BC-1A29EAAC97334055</string></field><field name='CONTENTID'><string>A54B83B6-C58A-FBD7-A7271849F21C3459</string><string>A54B83E7-9DD7-4968-8DBF2EFB76EF2A75</string><string>A54B840C-E923-63D9-A32F871E3FD1E75A</string><string>A54B840C-E923-63D9-A32F871E3FD1E75A</string><string>A54B8436-AE49-A28F-818FA974C8259740</string><string>A54B8436-AE49-A28F-818FA974C8259740</string><string>A54B846D-04A6-376A-2E0BA33BA162C6E0</string><string>A54B846D-04A6-376A-2E0BA33BA162C6E0</string><string>A54B846D-04A6-376A-2E0BA33BA162C6E0</string></field><field name='ISFEATURE'><number>0.0</number><number>0.0</number><number>0.0</number><number>0.0</number><number>0.0</number><number>0.0</number><number>0.0</number><number>0.0</number><number>0.0</number></field><field name='ORDERNO'><number>0.0</number><number>0.0</number><number>0.0</number><number>0.0</number><number>0.0</number><number>0.0</number><number>0.0</number><number>0.0</number><number>0.0</number></field><field name='SITEID'><string>default</string><string>default</string><string>default</string><string>default</string><string>default</string><string>default</string><string>default</string><string>default</string><string>default</string></field><field name='FEATURESTART'><null/><null/><null/><null/><null/><null/><null/><null/><null/></field><field name='FEATURESTOP'><null/><null/><null/><null/><null/><null/><null/><null/><null/></field></recordset></data></wddxPacket>
