<wddxPacket version='1.0'><header/><data><recordset rowCount='2' fieldNames='PARAMID,FEEDID,PARAM,RELATIONSHIP,FIELD,CONDITION,CRITERIA,DATATYPE' type='coldfusion.sql.QueryTable'><field name='paramID'><string>7088681B-2CC2-463D-9C588CF7F1956092</string><string>BF921D78-634C-4B27-BBFEBF96B1139A38</string></field><field name='feedID'><string>2F7765B9-F16F-4D21-9FF2EF172A50FAF5</string><string>E596CD5D-862D-4B54-89602C09DE315BD5</string></field><field name='param'><number>1.0</number><number>1.0</number></field><field name='relationship'><string>and</string><string>and</string></field><field name='field'><string></string><string></string></field><field name='condition'><string>Equals</string><string>Equals</string></field><field name='criteria'><string></string><string></string></field><field name='dataType'><string>varchar</string><string>varchar</string></field></recordset></data></wddxPacket>
