<wddxPacket version='1.0'><header/><data><recordset rowCount='2' fieldNames='GROUPID,SITEID,CREATED,ORDERNO,MEMBERSHIPID,CHAINID' type='coldfusion.sql.QueryTable'><field name='GROUPID'><string>223DAACF-0BB1-428B-928629A2877793AA</string><string>F4C9CD4C-DC7B-40CE-92D2C3B516482FFA</string></field><field name='SITEID'><string>default</string><string>default</string></field><field name='CREATED'><dateTime>2017-01-17T20:19:51+00:00</dateTime><dateTime>2017-01-17T20:20:49+00:00</dateTime></field><field name='ORDERNO'><number>2.0</number><number>1.0</number></field><field name='MEMBERSHIPID'><string>69BD4A40-B6A6-5BCB-B53472958A5C7BCE</string><string>69BD4EF4-D995-BCC5-4AC1EC285097FA95</string></field><field name='CHAINID'><string>466FBF5B-1885-4689-B1E3A6B9549ECB48</string><string>466FBF5B-1885-4689-B1E3A6B9549ECB48</string></field></recordset></data></wddxPacket>
